0,0,133,0,133,0,133,0,133,0,133,0,30,0,133,0,12,0,11,0,20,0,17,0,25,0,19,0,133,0,37,0,2,0,1,0,1,0,1,0,1,0,1,0,1,0,1,0,1,0,1,0,32,0,21,0,8,0,5,0,7,0,133,0,22,0,120,0,104,0,120,0,120,0,120,0,120,0,120,0,120,0,120,0,120,0,120,0,120,0,100,0,120,0,120,0,107,0,120,0,120,0,120,0,120,0,120,0,120,0,120,0,120,0,120,0,120,0,13,0,133,0,14,0,133,0,27,0,133,0,38,0,42,0,53,0,120,0,61,0,65,0,120,0,120,0,80,0,120,0,120,0,120,0,120,0,120,0,120,0,120,0,120,0,84,0,120,0,125,0,120,0,129,0,120,0,120,0,120,0,120,0,16,0,28,0,15,0,133,0,0,0,
0,105,133,105,133,105,133,105,133,105,133,105,30,105,133,105,12,105,11,105,20,105,17,105,25,105,19,105,3,0,37,105,1,0,1,0,1,0,1,0,1,0,1,0,1,0,1,0,1,0,1,0,32,105,21,105,8,105,5,105,7,105,133,0,22,105,134,0,134,0,134,0,134,0,134,0,134,0,134,0,134,0,134,0,134,0,134,0,134,0,134,0,134,0,134,0,134,0,134,0,134,0,134,0,134,0,134,0,134,0,134,0,134,0,134,0,134,0,13,105,133,105,14,105,133,105,27,105,133,105,134,0,134,0,134,0,134,0,134,0,134,0,134,0,134,0,134,0,134,0,134,0,134,0,134,0,134,0,134,0,134,0,134,0,134,0,134,0,134,0,134,0,134,0,134,0,134,0,134,0,134,0,16,105,28,105,15,105,133,0,0,105,
0,105,133,105,133,105,133,105,133,105,133,105,30,105,133,105,12,105,11,105,20,105,17,105,25,105,19,105,3,0,37,105,135,0,135,0,135,0,135,0,135,0,135,0,135,0,135,0,135,0,135,0,32,105,21,105,8,105,5,105,7,105,133,0,22,105,134,0,134,0,134,0,134,0,134,0,134,0,134,0,134,0,134,0,134,0,134,0,134,0,134,0,134,0,134,0,134,0,134,0,134,0,134,0,134,0,134,0,134,0,134,0,134,0,134,0,134,0,13,105,133,105,14,105,133,105,27,105,133,105,134,0,134,0,134,0,134,0,134,0,134,0,134,0,134,0,134,0,134,0,134,0,134,0,134,0,134,0,134,0,134,0,134,0,134,0,134,0,134,0,134,0,134,0,134,0,134,0,134,0,134,0,16,105,28,105,15,105,133,0,0,105,
135,0,133,0,133,0,133,0,133,0,133,0,133,0,133,0,12,149,11,149,20,149,17,149,25,149,19,149,135,0,37,149,4,0,4,0,4,0,4,0,4,0,4,0,4,0,4,0,4,0,4,0,32,149,21,149,8,149,5,149,7,149,133,149,22,149,134,0,134,0,134,0,134,0,134,0,134,0,134,0,134,0,134,0,134,0,134,0,134,0,134,0,134,0,134,0,134,0,134,0,134,0,134,0,134,0,134,0,134,0,134,0,134,0,134,0,134,0,13,149,133,149,135,149,133,149,133,0,133,149,134,0,134,0,134,0,134,0,134,0,134,0,134,0,134,0,134,0,134,0,134,0,134,0,134,0,134,0,134,0,134,0,134,0,134,0,134,0,134,0,134,0,134,0,134,0,134,0,134,0,134,0,16,149,28,149,15,149,133,149,135,149,
0,121,133,121,133,121,133,121,133,121,133,121,30,121,133,121,12,121,11,121,20,121,17,121,25,121,19,121,135,0,37,121,4,121,4,121,4,121,4,121,4,121,4,121,4,121,4,121,4,121,4,121,32,121,21,121,8,121,5,121,7,121,133,121,22,121,134,0,134,0,134,0,134,0,134,0,134,0,134,0,134,0,134,0,134,0,134,0,134,0,134,0,134,0,134,0,134,0,134,0,134,0,134,0,134,0,134,0,134,0,134,0,134,0,134,0,134,0,13,121,133,121,14,121,133,121,27,121,133,121,134,0,134,0,134,0,134,0,134,0,134,0,134,0,134,0,134,0,134,0,134,0,134,0,134,0,134,0,134,0,134,0,134,0,134,0,134,0,134,0,134,0,134,0,134,0,134,0,134,0,134,0,16,121,28,121,15,121,133,0,0,121,
0,102,133,102,133,102,133,102,133,102,133,102,30,102,133,102,12,102,11,102,20,102,17,102,25,102,19,102,133,102,37,102,2,102,1,102,1,102,1,102,1,102,1,102,1,102,1,102,1,102,1,102,32,102,21,102,8,102,6,0,7,102,133,102,22,102,120,102,104,102,120,102,120,102,120,102,120,102,120,102,120,102,120,102,120,102,120,102,120,102,100,102,120,102,120,102,107,102,120,102,120,102,120,102,120,102,120,102,120,102,120,102,120,102,120,102,120,102,13,102,133,102,14,102,133,102,27,102,133,102,38,102,42,102,53,102,120,102,61,102,65,102,120,102,120,102,80,102,120,102,120,102,120,102,120,102,120,102,120,102,120,102,120,102,84,102,120,102,125,102,120,102,132,102,120,102,120,102,120,102,120,102,16,102,28,102,15,102,133,0,0,102,
0,128,133,128,133,128,133,128,133,128,133,128,30,128,133,128,12,128,11,128,20,128,17,128,25,128,19,128,133,128,37,128,2,128,1,128,1,128,1,128,1,128,1,128,1,128,1,128,1,128,1,128,32,128,21,128,8,128,5,128,7,128,133,128,22,128,120,128,104,128,120,128,120,128,120,128,120,128,120,128,120,128,120,128,120,128,120,128,120,128,100,128,120,128,120,128,107,128,120,128,120,128,120,128,120,128,120,128,120,128,120,128,120,128,120,128,120,128,13,128,133,128,14,128,133,128,27,128,133,128,38,128,42,128,53,128,120,128,61,128,65,128,120,128,120,128,80,128,120,128,120,128,120,128,120,128,120,128,120,128,120,128,120,128,84,128,120,128,125,128,120,128,132,128,120,128,120,128,120,128,120,128,16,128,28,128,15,128,133,0,0,128,
0,127,133,127,133,127,133,127,133,127,133,127,30,127,133,127,12,127,11,127,20,127,17,127,25,127,19,127,133,127,37,127,2,127,1,127,1,127,1,127,1,127,1,127,1,127,1,127,1,127,1,127,32,127,21,127,8,127,9,0,34,0,133,127,22,127,120,127,104,127,120,127,120,127,120,127,120,127,120,127,120,127,120,127,120,127,120,127,120,127,100,127,120,127,120,127,107,127,120,127,120,127,120,127,120,127,120,127,120,127,120,127,120,127,120,127,120,127,13,127,133,127,14,127,133,127,27,127,133,127,38,127,42,127,53,127,120,127,61,127,65,127,120,127,120,127,80,127,120,127,120,127,120,127,120,127,120,127,120,127,120,127,120,127,84,127,120,127,125,127,120,127,132,127,120,127,120,127,120,127,120,127,16,127,28,127,15,127,133,0,0,127,
0,126,133,126,133,126,133,126,133,126,133,126,30,126,133,126,12,126,11,126,20,126,17,126,25,126,19,126,133,126,37,126,2,126,1,126,1,126,1,126,1,126,1,126,1,126,1,126,1,126,1,126,32,126,21,126,8,126,10,0,7,126,133,126,22,126,120,126,104,126,120,126,120,126,120,126,120,126,120,126,120,126,120,126,120,126,120,126,120,126,100,126,120,126,120,126,107,126,120,126,120,126,120,126,120,126,120,126,120,126,120,126,120,126,120,126,120,126,13,126,133,126,14,126,133,126,27,126,133,126,38,126,42,126,53,126,120,126,61,126,65,126,120,126,120,126,80,126,120,126,120,126,120,126,120,126,120,126,120,126,120,126,120,126,84,126,120,126,125,126,120,126,132,126,120,126,120,126,120,126,120,126,16,126,28,126,15,126,133,0,0,126,
0,130,133,130,133,130,133,130,133,130,133,130,30,130,133,130,12,130,11,130,20,130,17,130,25,130,19,130,133,130,37,130,2,130,1,130,1,130,1,130,1,130,1,130,1,130,1,130,1,130,1,130,32,130,21,130,8,130,5,130,7,130,133,130,22,130,120,130,104,130,120,130,120,130,120,130,120,130,120,130,120,130,120,130,120,130,120,130,120,130,100,130,120,130,120,130,107,130,120,130,120,130,120,130,120,130,120,130,120,130,120,130,120,130,120,130,120,130,13,130,133,130,14,130,133,130,27,130,133,130,38,130,42,130,53,130,120,130,61,130,65,130,120,130,120,130,80,130,120,130,120,130,120,130,120,130,120,130,120,130,120,130,120,130,84,130,120,130,125,130,120,130,132,130,120,130,120,130,120,130,120,130,16,130,28,130,15,130,133,0,0,130,
0,129,133,129,133,129,133,129,133,129,133,129,30,129,133,129,12,129,11,129,20,129,17,129,25,129,19,129,133,129,37,129,2,129,1,129,1,129,1,129,1,129,1,129,1,129,1,129,1,129,1,129,32,129,21,129,8,129,5,129,7,129,133,129,22,129,120,129,104,129,120,129,120,129,120,129,120,129,120,129,120,129,120,129,120,129,120,129,120,129,100,129,120,129,120,129,107,129,120,129,120,129,120,129,120,129,120,129,120,129,120,129,120,129,120,129,120,129,13,129,133,129,14,129,133,129,27,129,133,129,38,129,42,129,53,129,120,129,61,129,65,129,120,129,120,129,80,129,120,129,120,129,120,129,120,129,120,129,120,129,120,129,120,129,84,129,120,129,125,129,120,129,132,129,120,129,120,129,120,129,120,129,16,129,28,129,15,129,133,0,0,129,
0,118,133,118,133,118,133,118,133,118,133,118,30,118,133,118,12,118,11,118,20,118,17,118,25,118,19,118,133,118,37,118,2,118,1,118,1,118,1,118,1,118,1,118,1,118,1,118,1,118,1,118,32,118,21,118,8,118,5,118,7,118,133,118,22,118,120,118,104,118,120,118,120,118,120,118,120,118,120,118,120,118,120,118,120,118,120,118,120,118,100,118,120,118,120,118,107,118,120,118,120,118,120,118,120,118,120,118,120,118,120,118,120,118,120,118,120,118,13,118,133,118,14,118,133,118,27,118,133,118,38,118,42,118,53,118,120,118,61,118,65,118,120,118,120,118,80,118,120,118,120,118,120,118,120,118,120,118,120,118,120,118,120,118,84,118,120,118,125,118,120,118,132,118,120,118,120,118,120,118,120,118,16,118,28,118,15,118,133,0,0,118,
0,117,133,117,133,117,133,117,133,117,133,117,30,117,133,117,12,117,11,117,20,117,17,117,25,117,19,117,133,117,37,117,2,117,1,117,1,117,1,117,1,117,1,117,1,117,1,117,1,117,1,117,32,117,21,117,8,117,5,117,7,117,133,117,22,117,120,117,104,117,120,117,120,117,120,117,120,117,120,117,120,117,120,117,120,117,120,117,120,117,100,117,120,117,120,117,107,117,120,117,120,117,120,117,120,117,120,117,120,117,120,117,120,117,120,117,120,117,13,117,133,117,14,117,133,117,27,117,133,117,38,117,42,117,53,117,120,117,61,117,65,117,120,117,120,117,80,117,120,117,120,117,120,117,120,117,120,117,120,117,120,117,120,117,84,117,120,117,125,117,120,117,132,117,120,117,120,117,120,117,120,117,16,117,28,117,15,117,133,0,0,117,
0,104,133,104,133,104,133,104,133,104,133,104,30,104,133,104,12,104,11,104,20,104,17,104,25,104,19,104,133,104,37,104,2,104,1,104,1,104,1,104,1,104,1,104,1,104,1,104,1,104,1,104,32,104,21,104,8,104,5,104,7,104,133,104,22,104,120,104,104,104,120,104,120,104,120,104,120,104,120,104,120,104,120,104,120,104,120,104,120,104,100,104,120,104,120,104,107,104,120,104,120,104,120,104,120,104,120,104,120,104,120,104,120,104,120,104,120,104,13,104,133,104,14,104,133,104,27,104,133,104,38,104,42,104,53,104,120,104,61,104,65,104,120,104,120,104,80,104,120,104,120,104,120,104,120,104,120,104,120,104,120,104,120,104,84,104,120,104,125,104,120,104,132,104,120,104,120,104,120,104,120,104,16,104,28,104,15,104,133,0,0,104,
0,106,133,106,133,106,133,106,133,106,133,106,30,106,133,106,12,106,11,106,20,106,17,106,25,106,19,106,133,106,37,106,2,106,1,106,1,106,1,106,1,106,1,106,1,106,1,106,1,106,1,106,32,106,21,106,8,106,5,106,7,106,133,106,22,106,120,106,104,106,120,106,120,106,120,106,120,106,120,106,120,106,120,106,120,106,120,106,120,106,100,106,120,106,120,106,107,106,120,106,120,106,120,106,120,106,120,106,120,106,120,106,120,106,120,106,120,106,13,106,133,106,14,106,133,106,27,106,133,106,38,106,42,106,53,106,120,106,61,106,65,106,120,106,120,106,80,106,120,106,120,106,120,106,120,106,120,106,120,106,120,106,120,106,84,106,120,106,125,106,120,106,132,106,120,106,120,106,120,106,120,106,16,106,28,106,15,106,133,0,0,106,
0,97,133,97,133,97,133,97,133,97,133,97,30,97,133,97,12,97,11,97,20,97,17,97,25,97,19,97,133,97,37,97,2,97,1,97,1,97,1,97,1,97,1,97,1,97,1,97,1,97,1,97,32,97,21,97,8,97,5,97,7,97,133,97,22,97,120,97,104,97,120,97,120,97,120,97,120,97,120,97,120,97,120,97,120,97,120,97,120,97,100,97,120,97,120,97,107,97,120,97,120,97,120,97,120,97,120,97,120,97,120,97,120,97,120,97,120,97,13,97,133,97,14,97,133,97,27,97,133,97,38,97,42,97,53,97,120,97,61,97,65,97,120,97,120,97,80,97,120,97,120,97,120,97,120,97,120,97,120,97,120,97,120,97,84,97,120,97,125,97,120,97,132,97,120,97,120,97,120,97,120,97,16,97,28,97,15,97,133,0,0,97,
0,107,133,107,133,107,133,107,133,107,133,107,30,107,133,107,12,107,11,107,20,107,17,107,25,107,19,107,133,107,37,107,2,107,1,107,1,107,1,107,1,107,1,107,1,107,1,107,1,107,1,107,32,107,21,107,8,107,5,107,7,107,133,107,22,107,120,107,104,107,120,107,120,107,120,107,120,107,120,107,120,107,120,107,120,107,120,107,120,107,100,107,120,107,120,107,107,107,120,107,120,107,120,107,120,107,120,107,120,107,120,107,120,107,120,107,120,107,13,107,133,107,14,107,133,107,27,107,133,107,38,107,42,107,53,107,120,107,61,107,65,107,120,107,120,107,80,107,120,107,120,107,120,107,120,107,120,107,120,107,120,107,120,107,84,107,120,107,125,107,120,107,132,107,120,107,120,107,120,107,120,107,16,107,28,107,15,107,133,0,0,107,
0,131,133,131,133,131,133,131,133,131,133,131,30,131,133,131,12,131,11,131,20,131,35,0,25,131,19,131,133,131,37,131,2,131,1,131,1,131,1,131,1,131,1,131,1,131,1,131,1,131,1,131,32,131,21,131,8,131,18,0,7,131,133,131,22,131,120,131,104,131,120,131,120,131,120,131,120,131,120,131,120,131,120,131,120,131,120,131,120,131,100,131,120,131,120,131,107,131,120,131,120,131,120,131,120,131,120,131,120,131,120,131,120,131,120,131,120,131,13,131,133,131,14,131,133,131,27,131,133,131,38,131,42,131,53,131,120,131,61,131,65,131,120,131,120,131,80,131,120,131,120,131,120,131,120,131,120,131,120,131,120,131,120,131,84,131,120,131,125,131,120,131,132,131,120,131,120,131,120,131,120,131,16,131,28,131,15,131,133,0,0,131,
0,111,133,111,133,111,133,111,133,111,133,111,30,111,133,111,12,111,11,111,20,111,17,111,25,111,19,111,133,111,37,111,2,111,1,111,1,111,1,111,1,111,1,111,1,111,1,111,1,111,1,111,32,111,21,111,8,111,5,111,7,111,133,111,22,111,120,111,104,111,120,111,120,111,120,111,120,111,120,111,120,111,120,111,120,111,120,111,120,111,100,111,120,111,120,111,107,111,120,111,120,111,120,111,120,111,120,111,120,111,120,111,120,111,120,111,120,111,13,111,133,111,14,111,133,111,27,111,133,111,38,111,42,111,53,111,120,111,61,111,65,111,120,111,120,111,80,111,120,111,120,111,120,111,120,111,120,111,120,111,120,111,120,111,84,111,120,111,125,111,120,111,132,111,120,111,120,111,120,111,120,111,16,111,28,111,15,111,133,0,0,111,
0,132,133,132,133,132,133,132,133,132,133,132,30,132,133,132,12,132,11,132,20,132,17,132,25,132,36,0,133,132,37,132,2,132,1,132,1,132,1,132,1,132,1,132,1,132,1,132,1,132,1,132,32,132,21,132,8,132,5,132,7,132,133,132,22,132,120,132,104,132,120,132,120,132,120,132,120,132,120,132,120,132,120,132,120,132,120,132,120,132,100,132,120,132,120,132,107,132,120,132,120,132,120,132,120,132,120,132,120,132,120,132,120,132,120,132,120,132,13,132,133,132,14,132,133,132,27,132,133,132,38,132,42,132,53,132,120,132,61,132,65,132,120,132,120,132,80,132,120,132,120,132,120,132,120,132,120,132,120,132,120,132,120,132,84,132,120,132,125,132,120,132,132,132,120,132,120,132,120,132,120,132,16,132,28,132,15,132,133,0,0,132,
0,133,133,133,133,133,133,133,133,133,133,133,30,133,133,133,12,133,11,133,20,133,17,133,25,133,19,133,133,133,37,133,2,133,1,133,1,133,1,133,1,133,1,133,1,133,1,133,1,133,1,133,32,133,21,133,8,133,5,133,7,133,133,133,22,133,120,133,104,133,120,133,120,133,120,133,120,133,120,133,120,133,120,133,120,133,120,133,120,133,100,133,120,133,120,133,107,133,120,133,120,133,120,133,120,133,120,133,120,133,120,133,120,133,120,133,120,133,13,133,133,133,14,133,133,133,27,133,133,133,38,133,42,133,53,133,120,133,61,133,65,133,120,133,120,133,80,133,120,133,120,133,120,133,120,133,120,133,120,133,120,133,120,133,84,133,120,133,125,133,120,133,132,133,120,133,120,133,120,133,120,133,16,133,28,133,15,133,133,0,0,133,
0,99,133,99,133,99,133,99,133,99,133,99,30,99,133,99,12,99,11,99,20,99,17,99,25,99,19,99,133,99,37,99,2,99,1,99,1,99,1,99,1,99,1,99,1,99,1,99,1,99,1,99,32,99,21,99,8,99,5,99,7,99,133,99,22,99,120,99,104,99,120,99,120,99,120,99,120,99,120,99,120,99,120,99,120,99,120,99,120,99,100,99,120,99,120,99,107,99,120,99,120,99,120,99,120,99,120,99,120,99,120,99,120,99,120,99,120,99,13,99,133,99,14,99,133,99,27,99,133,99,38,99,42,99,53,99,120,99,61,99,65,99,120,99,120,99,80,99,120,99,120,99,120,99,120,99,120,99,120,99,120,99,120,99,84,99,120,99,125,99,120,99,132,99,120,99,120,99,120,99,120,99,16,99,28,99,15,99,133,0,0,99,
133,0,133,0,133,0,133,0,133,0,133,0,133,0,133,0,133,0,133,0,133,0,133,0,133,0,133,0,133,0,133,0,133,0,133,0,133,0,133,0,133,0,133,0,133,0,133,0,133,0,133,0,133,0,133,0,133,0,133,0,133,0,133,0,133,0,133,0,133,0,133,0,133,0,133,0,133,0,133,0,133,0,133,0,133,0,133,0,133,0,133,0,133,0,133,0,133,0,133,0,133,0,133,0,133,0,133,0,133,0,133,0,133,0,133,0,133,0,133,0,133,0,133,0,133,0,133,0,133,0,133,0,133,0,133,0,133,0,133,0,133,0,133,0,133,0,133,0,133,0,133,0,133,0,133,0,133,0,133,0,133,0,133,0,133,0,133,0,133,0,133,0,133,0,133,0,133,0,133,0,133,0,133,0,133,0,133,0,23,0,133,146,
23,0,23,0,23,0,23,0,23,0,23,0,23,0,23,0,23,0,23,0,23,0,23,0,23,0,23,0,23,0,23,0,23,0,23,0,23,0,23,0,23,0,23,0,23,0,23,0,23,0,23,0,23,0,23,0,23,0,23,0,23,0,23,0,23,0,23,0,23,0,23,0,23,0,23,0,23,0,23,0,23,0,23,0,23,0,23,0,23,0,23,0,23,0,23,0,23,0,23,0,23,0,23,0,23,0,23,0,23,0,23,0,23,0,23,0,23,0,23,0,23,0,23,0,23,0,23,0,23,0,23,0,23,0,23,0,23,0,23,0,23,0,23,0,23,0,23,0,23,0,23,0,23,0,23,0,23,0,23,0,23,0,23,0,23,0,23,0,23,0,23,0,23,0,23,0,23,0,23,0,23,0,23,0,23,0,23,0,24,0,23,148,
23,0,23,0,23,0,23,0,23,0,23,0,23,0,23,0,23,0,23,0,23,0,23,0,23,0,23,0,23,0,23,0,23,0,23,0,23,0,23,0,23,0,23,0,23,0,23,0,23,0,23,0,23,0,23,0,23,0,23,0,23,0,23,0,0,0,23,0,23,0,23,0,23,0,23,0,23,0,23,0,23,0,23,0,23,0,23,0,23,0,23,0,23,0,23,0,23,0,23,0,23,0,23,0,23,0,23,0,23,0,23,0,23,0,23,0,23,0,23,0,23,0,23,0,23,0,23,0,23,0,23,0,23,0,23,0,23,0,23,0,23,0,23,0,23,0,23,0,23,0,23,0,23,0,23,0,23,0,23,0,23,0,23,0,23,0,23,0,23,0,23,0,23,0,23,0,23,0,23,0,23,0,23,0,23,0,23,0,23,0,23,148,
0,103,133,103,133,103,133,103,133,103,133,103,30,103,133,103,12,103,11,103,20,103,17,103,25,103,19,103,133,103,37,103,2,103,1,103,1,103,1,103,1,103,1,103,1,103,1,103,1,103,1,103,32,103,21,103,8,103,5,103,7,103,133,103,22,103,120,103,104,103,120,103,120,103,120,103,120,103,120,103,120,103,120,103,120,103,120,103,120,103,100,103,120,103,120,103,107,103,120,103,120,103,120,103,120,103,120,103,120,103,120,103,120,103,120,103,120,103,13,103,133,103,14,103,133,103,27,103,133,0,38,103,42,103,53,103,120,103,61,103,65,103,120,103,120,103,80,103,120,103,120,103,120,103,120,103,120,103,120,103,120,103,120,103,84,103,120,103,125,103,120,103,132,103,120,103,120,103,120,103,120,103,16,103,28,103,15,103,133,0,0,103,
0,101,133,101,133,101,133,101,133,101,133,101,30,101,133,101,12,101,11,101,20,101,17,101,25,101,19,101,133,101,37,101,2,101,1,101,1,101,1,101,1,101,1,101,1,101,1,101,1,101,1,101,32,101,21,101,8,101,5,101,7,101,133,101,22,101,120,101,104,101,120,101,120,101,120,101,120,101,120,101,120,101,120,101,120,101,120,101,120,101,100,101,120,101,120,101,107,101,120,101,120,101,120,101,120,101,120,101,120,101,120,101,120,101,120,101,120,101,13,101,133,101,14,101,133,101,27,101,133,0,38,101,42,101,53,101,120,101,61,101,65,101,120,101,120,101,80,101,120,101,120,101,120,101,120,101,120,101,120,101,120,101,120,101,84,101,120,101,125,101,120,101,132,101,120,101,120,101,120,101,120,101,16,101,28,101,15,101,133,0,0,101,
0,101,133,101,133,101,133,101,133,101,133,101,30,101,133,101,12,101,11,101,20,101,17,101,25,101,19,101,133,101,37,101,2,101,1,101,1,101,1,101,1,101,1,101,1,101,1,101,1,101,1,101,32,101,21,101,8,101,5,101,7,101,133,101,22,101,120,101,104,101,120,101,120,101,120,101,120,101,120,101,120,101,120,101,120,101,120,101,120,101,100,101,120,101,120,101,107,101,120,101,120,101,120,101,120,101,120,101,120,101,120,101,120,101,120,101,120,101,13,101,133,101,14,101,133,101,27,101,133,0,38,101,42,101,53,101,120,101,61,101,65,101,120,101,120,101,80,101,120,101,120,101,120,101,120,101,120,101,120,101,120,101,120,101,84,101,120,101,125,101,120,101,132,101,120,101,120,101,120,101,120,101,16,101,28,101,15,101,133,0,0,101,
133,0,133,0,133,0,133,0,133,0,133,0,133,0,133,0,133,0,133,0,133,0,133,0,133,0,133,0,133,0,133,0,2,146,1,146,1,146,1,146,1,146,1,146,1,146,1,146,1,146,1,146,133,0,133,0,133,0,133,0,133,0,133,0,133,0,133,0,133,0,133,0,133,0,133,0,133,0,133,0,133,0,133,0,133,0,133,0,133,0,133,0,133,0,133,0,107,0,133,0,133,0,133,0,133,0,133,0,133,0,133,0,133,0,133,0,133,0,133,0,133,0,133,0,133,0,133,0,133,0,133,0,133,0,133,0,133,0,133,0,133,0,133,0,133,0,133,0,133,0,133,0,133,0,133,0,133,0,133,0,133,0,133,0,133,0,133,0,133,0,120,0,133,0,133,0,133,0,133,0,133,0,133,0,29,0,15,0,133,0,133,146,
0,124,133,124,133,124,133,124,133,124,133,124,30,124,133,124,12,124,11,124,20,124,17,124,25,124,19,124,133,124,37,124,2,124,1,124,1,124,1,124,1,124,1,124,1,124,1,124,1,124,1,124,32,124,21,124,8,124,5,124,7,124,133,124,22,124,120,124,104,124,120,124,120,124,120,124,120,124,120,124,120,124,120,124,120,124,120,124,120,124,100,124,120,124,120,124,107,124,120,124,120,124,120,124,120,124,120,124,120,124,120,124,120,124,120,124,120,124,13,124,133,124,14,124,133,124,27,124,133,0,38,124,42,124,53,124,120,124,61,124,65,124,120,124,120,124,80,124,120,124,120,124,120,124,120,124,120,124,120,124,120,124,120,124,84,124,120,124,125,124,120,124,132,124,120,124,120,124,120,124,120,124,16,124,28,124,15,124,133,0,0,124,
133,0,133,0,133,0,133,0,133,0,133,0,31,0,133,0,133,0,133,0,133,0,133,0,133,0,133,0,133,0,133,0,2,146,1,146,1,146,1,146,1,146,1,146,1,146,1,146,1,146,1,146,133,0,133,0,133,0,133,0,133,0,133,0,133,0,133,0,133,0,133,0,133,0,133,0,133,0,133,0,133,0,133,0,133,0,133,0,133,0,133,0,133,0,133,0,107,0,133,0,133,0,133,0,133,0,133,0,133,0,133,0,133,0,133,0,133,0,133,0,133,0,133,0,133,0,133,0,133,0,133,0,133,0,133,0,133,0,133,0,133,0,133,0,133,0,133,0,133,0,133,0,133,0,133,0,133,0,133,0,133,0,133,0,133,0,133,0,133,0,120,0,133,0,133,0,133,0,133,0,133,0,133,0,133,0,15,0,133,0,133,146,
0,125,133,125,133,125,133,125,133,125,133,125,30,125,133,125,12,125,11,125,20,125,17,125,25,125,19,125,133,125,37,125,2,125,1,125,1,125,1,125,1,125,1,125,1,125,1,125,1,125,1,125,32,125,21,125,8,125,5,125,7,125,133,125,22,125,120,125,104,125,120,125,120,125,120,125,120,125,120,125,120,125,120,125,120,125,120,125,120,125,100,125,120,125,120,125,107,125,120,125,120,125,120,125,120,125,120,125,120,125,120,125,120,125,120,125,120,125,13,125,133,125,14,125,133,125,27,125,133,0,38,125,42,125,53,125,120,125,61,125,65,125,120,125,120,125,80,125,120,125,120,125,120,125,120,125,120,125,120,125,120,125,120,125,84,125,120,125,125,125,120,125,132,125,120,125,120,125,120,125,120,125,16,125,28,125,15,125,133,0,0,125,
0,116,133,116,133,116,133,116,133,116,133,116,30,116,133,116,12,116,11,116,20,116,17,116,25,116,19,116,133,116,37,116,2,116,1,116,1,116,1,116,1,116,1,116,1,116,1,116,1,116,1,116,32,116,21,116,8,116,33,0,7,116,133,116,22,116,120,116,104,116,120,116,120,116,120,116,120,116,120,116,120,116,120,116,120,116,120,116,120,116,100,116,120,116,120,116,107,116,120,116,120,116,120,116,120,116,120,116,120,116,120,116,120,116,120,116,120,116,13,116,133,116,14,116,133,116,27,116,133,0,38,116,42,116,53,116,120,116,61,116,65,116,120,116,120,116,80,116,120,116,120,116,120,116,120,116,120,116,120,116,120,116,120,116,84,116,120,116,125,116,120,116,132,116,120,116,120,116,120,116,120,116,16,116,28,116,15,116,133,0,0,116,
0,109,133,109,133,109,133,109,133,109,133,109,30,109,133,109,12,109,11,109,20,109,17,109,25,109,19,109,133,109,37,109,2,109,1,109,1,109,1,109,1,109,1,109,1,109,1,109,1,109,1,109,32,109,21,109,8,109,5,109,7,109,133,109,22,109,120,109,104,109,120,109,120,109,120,109,120,109,120,109,120,109,120,109,120,109,120,109,120,109,100,109,120,109,120,109,107,109,120,109,120,109,120,109,120,109,120,109,120,109,120,109,120,109,120,109,120,109,13,109,133,109,14,109,133,109,27,109,133,0,38,109,42,109,53,109,120,109,61,109,65,109,120,109,120,109,80,109,120,109,120,109,120,109,120,109,120,109,120,109,120,109,120,109,84,109,120,109,125,109,120,109,132,109,120,109,120,109,120,109,120,109,16,109,28,109,15,109,133,0,0,109,
0,141,133,141,133,141,133,141,133,141,133,141,30,141,133,141,12,141,11,141,20,141,17,141,25,141,19,141,133,141,37,141,2,141,1,141,1,141,1,141,1,141,1,141,1,141,1,141,1,141,1,141,32,141,21,141,8,141,5,141,7,141,133,141,22,141,120,141,104,141,120,141,120,141,120,141,120,141,120,141,120,141,120,141,120,141,120,141,120,141,100,141,120,141,120,141,107,141,120,141,120,141,120,141,120,141,120,141,120,141,120,141,120,141,120,141,120,141,13,141,133,141,14,141,133,141,27,141,133,0,38,141,42,141,53,141,120,141,61,141,65,141,120,141,120,141,80,141,120,141,120,141,120,141,120,141,120,141,120,141,120,141,120,141,84,141,120,141,125,141,120,141,132,141,120,141,120,141,120,141,120,141,16,141,28,141,15,141,133,0,0,141,
0,135,133,135,133,135,133,135,133,135,133,135,30,135,133,135,12,135,11,135,20,135,17,135,25,135,19,135,133,135,37,135,2,135,1,135,1,135,1,135,1,135,1,135,1,135,1,135,1,135,1,135,32,135,21,135,8,135,5,135,7,135,133,135,22,135,120,135,104,135,120,135,120,135,120,135,120,135,120,135,120,135,120,135,120,135,120,135,120,135,100,135,120,135,120,135,107,135,120,135,120,135,120,135,120,135,120,135,120,135,120,135,120,135,120,135,120,135,13,135,133,135,14,135,133,135,27,135,133,0,38,135,42,135,53,135,120,135,61,135,65,135,120,135,120,135,80,135,120,135,120,135,120,135,120,135,120,135,120,135,120,135,120,135,84,135,120,135,125,135,120,135,132,135,120,135,120,135,120,135,120,135,16,135,28,135,15,135,133,0,0,135,
0,136,133,136,133,136,133,136,133,136,133,136,30,136,133,136,12,136,11,136,20,136,17,136,25,136,19,136,133,136,37,136,2,136,1,136,1,136,1,136,1,136,1,136,1,136,1,136,1,136,1,136,32,136,21,136,8,136,5,136,7,136,133,136,22,136,120,136,104,136,120,136,120,136,120,136,120,136,120,136,120,136,120,136,120,136,120,136,120,136,100,136,120,136,120,136,107,136,120,136,120,136,120,136,120,136,120,136,120,136,120,136,120,136,120,136,120,136,13,136,133,136,14,136,133,136,27,136,133,0,38,136,42,136,53,136,120,136,61,136,65,136,120,136,120,136,80,136,120,136,120,136,120,136,120,136,120,136,120,136,120,136,120,136,84,136,120,136,125,136,120,136,132,136,120,136,120,136,120,136,120,136,16,136,28,136,15,136,133,0,0,136,
0,134,133,134,133,134,133,134,133,134,133,134,30,134,133,134,12,134,11,134,20,134,17,134,25,134,19,134,133,134,37,134,2,134,1,134,1,134,1,134,1,134,1,134,1,134,1,134,1,134,1,134,32,134,21,134,8,134,5,134,7,134,133,134,22,134,120,134,104,134,120,134,120,134,120,134,120,134,120,134,120,134,120,134,120,134,120,134,120,134,100,134,120,134,120,134,107,134,120,134,120,134,120,134,120,134,120,134,120,134,120,134,120,134,120,134,120,134,13,134,133,134,14,134,133,134,27,134,133,0,38,134,42,134,53,134,120,134,61,134,65,134,120,134,120,134,80,134,120,134,120,134,120,134,120,134,120,134,120,134,120,134,120,134,84,134,120,134,125,134,120,134,132,134,120,134,120,134,120,134,120,134,16,134,28,134,15,134,133,0,0,134,
0,101,133,101,133,101,133,101,133,101,133,101,30,101,133,101,12,101,11,101,20,101,17,101,25,101,19,101,133,0,37,101,120,0,120,0,120,0,120,0,120,0,120,0,120,0,120,0,120,0,120,0,32,101,21,101,8,101,5,101,7,101,133,101,22,101,120,0,120,0,120,0,120,0,120,0,120,0,120,0,120,0,120,0,120,0,120,0,120,0,120,0,120,0,120,0,120,0,120,0,120,0,120,0,120,0,120,0,120,0,120,0,120,0,120,0,120,0,13,101,133,101,14,0,133,101,133,0,133,101,120,0,120,0,120,0,39,0,120,0,120,0,120,0,120,0,120,0,120,0,120,0,120,0,120,0,120,0,120,0,120,0,120,0,120,0,120,0,120,0,120,0,120,0,120,0,120,0,120,0,120,0,16,101,28,101,15,101,133,101,0,101,
0,101,133,101,133,101,133,101,133,101,133,101,30,101,133,101,12,101,11,101,20,101,17,101,25,101,19,101,133,0,37,101,120,0,120,0,120,0,120,0,120,0,120,0,120,0,120,0,120,0,120,0,32,101,21,101,8,101,5,101,7,101,133,101,22,101,120,0,120,0,120,0,120,0,120,0,120,0,120,0,120,0,120,0,120,0,120,0,120,0,120,0,120,0,120,0,120,0,120,0,120,0,120,0,120,0,120,0,120,0,120,0,120,0,120,0,120,0,13,101,133,101,14,0,133,101,133,0,133,101,120,0,120,0,120,0,40,0,120,0,120,0,120,0,120,0,120,0,120,0,120,0,120,0,120,0,120,0,120,0,120,0,120,0,120,0,120,0,120,0,120,0,120,0,120,0,120,0,120,0,120,0,16,101,28,101,15,101,133,101,0,101,
0,101,133,101,133,101,133,101,133,101,133,101,30,101,133,101,12,101,11,101,20,101,17,101,25,101,19,101,133,0,37,101,120,0,120,0,120,0,120,0,120,0,120,0,120,0,120,0,120,0,120,0,32,101,21,101,8,101,5,101,7,101,133,101,22,101,120,0,120,0,120,0,120,0,120,0,120,0,120,0,120,0,120,0,120,0,120,0,120,0,120,0,120,0,120,0,120,0,120,0,120,0,120,0,120,0,120,0,41,0,120,0,120,0,120,0,120,0,13,101,133,101,14,0,133,101,133,0,133,101,120,0,120,0,120,0,120,0,120,0,120,0,120,0,120,0,120,0,120,0,120,0,120,0,120,0,120,0,120,0,120,0,120,0,120,0,120,0,120,0,120,0,120,0,120,0,120,0,120,0,120,0,16,101,28,101,15,101,133,101,0,101,
0,142,133,142,133,142,133,142,133,142,133,142,30,142,133,142,12,142,11,142,20,142,17,142,25,142,19,142,133,0,37,142,120,0,120,0,120,0,120,0,120,0,120,0,120,0,120,0,120,0,120,0,32,142,21,142,8,142,5,142,7,142,133,142,22,142,120,0,120,0,120,0,120,0,120,0,120,0,120,0,120,0,120,0,120,0,120,0,120,0,120,0,120,0,120,0,120,0,120,0,120,0,120,0,120,0,120,0,120,0,120,0,120,0,120,0,120,0,13,142,133,142,14,142,133,142,133,0,133,142,120,0,120,0,120,0,120,0,120,0,120,0,120,0,120,0,120,0,120,0,120,0,120,0,120,0,120,0,120,0,120,0,120,0,120,0,120,0,120,0,120,0,120,0,120,0,120,0,120,0,120,0,16,142,28,142,15,142,133,142,0,142,
0,101,133,101,133,101,133,101,133,101,133,101,30,101,133,101,12,101,11,101,20,101,17,101,25,101,19,101,133,0,37,101,120,0,120,0,120,0,120,0,120,0,120,0,120,0,120,0,120,0,120,0,32,101,21,101,8,101,5,101,7,101,133,101,22,101,120,0,120,0,120,0,120,0,120,0,120,0,120,0,120,0,120,0,120,0,120,0,120,0,120,0,120,0,120,0,120,0,120,0,120,0,120,0,120,0,120,0,120,0,120,0,120,0,120,0,120,0,13,101,133,101,14,0,133,101,133,0,133,101,120,0,120,0,120,0,120,0,120,0,120,0,120,0,120,0,120,0,120,0,120,0,120,0,120,0,120,0,43,0,120,0,120,0,49,0,120,0,120,0,120,0,120,0,120,0,120,0,120,0,120,0,16,101,28,101,15,101,133,101,0,101,
0,101,133,101,133,101,133,101,133,101,133,101,30,101,133,101,12,101,11,101,20,101,17,101,25,101,19,101,133,0,37,101,120,0,120,0,120,0,120,0,120,0,120,0,120,0,120,0,120,0,120,0,32,101,21,101,8,101,5,101,7,101,133,101,22,101,120,0,120,0,120,0,120,0,120,0,120,0,120,0,120,0,120,0,120,0,120,0,120,0,120,0,120,0,120,0,120,0,120,0,120,0,120,0,120,0,120,0,120,0,120,0,120,0,120,0,120,0,13,101,133,101,14,0,133,101,133,0,133,101,120,0,120,0,120,0,120,0,120,0,120,0,120,0,120,0,120,0,120,0,120,0,120,0,120,0,120,0,44,0,120,0,120,0,120,0,120,0,120,0,120,0,120,0,120,0,120,0,120,0,120,0,16,101,28,101,15,101,133,101,0,101,
0,101,133,101,133,101,133,101,133,101,133,101,30,101,133,101,12,101,11,101,20,101,17,101,25,101,19,101,133,0,37,101,120,0,120,0,120,0,120,0,120,0,120,0,120,0,120,0,120,0,120,0,32,101,21,101,8,101,5,101,7,101,133,101,22,101,120,0,120,0,120,0,120,0,120,0,120,0,120,0,120,0,120,0,120,0,120,0,120,0,120,0,120,0,120,0,120,0,120,0,120,0,120,0,120,0,120,0,120,0,120,0,120,0,120,0,120,0,13,101,133,101,14,0,133,101,133,0,133,101,120,0,120,0,120,0,120,0,120,0,120,0,120,0,120,0,120,0,120,0,120,0,45,0,120,0,120,0,120,0,120,0,120,0,120,0,120,0,120,0,120,0,120,0,120,0,120,0,120,0,120,0,16,101,28,101,15,101,133,101,0,101,
0,101,133,101,133,101,133,101,133,101,133,101,30,101,133,101,12,101,11,101,20,101,17,101,25,101,19,101,133,0,37,101,120,0,120,0,120,0,120,0,120,0,120,0,120,0,120,0,120,0,120,0,32,101,21,101,8,101,5,101,7,101,133,101,22,101,120,0,120,0,120,0,120,0,120,0,120,0,120,0,120,0,120,0,120,0,120,0,120,0,120,0,120,0,120,0,120,0,120,0,120,0,120,0,120,0,120,0,120,0,120,0,120,0,120,0,120,0,13,101,133,101,14,0,133,101,133,0,133,101,120,0,120,0,120,0,120,0,46,0,120,0,120,0,120,0,120,0,120,0,120,0,120,0,120,0,120,0,120,0,120,0,120,0,120,0,120,0,120,0,120,0,120,0,120,0,120,0,120,0,120,0,16,101,28,101,15,101,133,101,0,101,
0,101,133,101,133,101,133,101,133,101,133,101,30,101,133,101,12,101,11,101,20,101,17,101,25,101,19,101,133,0,37,101,120,0,120,0,120,0,120,0,120,0,120,0,120,0,120,0,120,0,120,0,32,101,21,101,8,101,5,101,7,101,133,101,22,101,120,0,120,0,120,0,120,0,120,0,120,0,120,0,120,0,120,0,120,0,120,0,120,0,120,0,120,0,120,0,120,0,120,0,120,0,120,0,120,0,120,0,120,0,120,0,120,0,120,0,120,0,13,101,133,101,14,0,133,101,133,0,133,101,47,0,120,0,120,0,120,0,120,0,120,0,120,0,120,0,120,0,120,0,120,0,120,0,120,0,120,0,120,0,120,0,120,0,120,0,120,0,120,0,120,0,120,0,120,0,120,0,120,0,120,0,16,101,28,101,15,101,133,101,0,101,
0,101,133,101,133,101,133,101,133,101,133,101,30,101,133,101,12,101,11,101,20,101,17,101,25,101,19,101,133,0,37,101,120,0,120,0,120,0,120,0,120,0,120,0,120,0,120,0,120,0,120,0,32,101,21,101,8,101,5,101,7,101,133,101,22,101,120,0,120,0,120,0,120,0,120,0,120,0,120,0,120,0,120,0,120,0,120,0,120,0,120,0,120,0,120,0,120,0,120,0,120,0,120,0,120,0,120,0,120,0,120,0,120,0,120,0,120,0,13,101,133,101,14,0,133,101,133,0,133,101,120,0,120,0,120,0,120,0,120,0,120,0,120,0,120,0,120,0,120,0,120,0,120,0,120,0,48,0,120,0,120,0,120,0,120,0,120,0,120,0,120,0,120,0,120,0,120,0,120,0,120,0,16,101,28,101,15,101,133,101,0,101,
0,115,133,115,133,115,133,115,133,115,133,115,30,115,133,115,12,115,11,115,20,115,17,115,25,115,19,115,133,0,37,115,120,115,120,115,120,115,120,115,120,115,120,115,120,115,120,115,120,115,120,115,32,115,21,115,8,115,5,115,7,115,133,115,22,115,120,0,120,0,120,0,120,0,120,0,120,0,120,0,120,0,120,0,120,0,120,0,120,0,120,0,120,0,120,0,120,0,120,0,120,0,120,0,120,0,120,0,120,0,120,0,120,0,120,0,120,0,13,115,133,115,14,115,133,115,133,115,133,115,120,0,120,0,120,0,120,0,120,0,120,0,120,0,120,0,120,0,120,0,120,0,120,0,120,0,120,0,120,0,120,0,120,0,120,0,120,0,120,0,120,0,120,0,120,0,120,0,120,0,120,0,16,115,28,115,15,115,133,115,0,115,
0,101,133,101,133,101,133,101,133,101,133,101,30,101,133,101,12,101,11,101,20,101,17,101,25,101,19,101,133,0,37,101,120,0,120,0,120,0,120,0,120,0,120,0,120,0,120,0,120,0,120,0,32,101,21,101,8,101,5,101,7,101,133,101,22,101,120,0,120,0,120,0,120,0,120,0,120,0,120,0,120,0,120,0,120,0,120,0,120,0,120,0,120,0,120,0,120,0,120,0,120,0,120,0,120,0,120,0,120,0,120,0,120,0,120,0,120,0,13,101,133,101,14,0,133,101,133,0,133,101,120,0,120,0,120,0,120,0,50,0,120,0,120,0,120,0,120,0,120,0,120,0,120,0,120,0,120,0,120,0,120,0,120,0,120,0,120,0,120,0,120,0,120,0,120,0,120,0,120,0,120,0,16,101,28,101,15,101,133,101,0,101,
0,101,133,101,133,101,133,101,133,101,133,101,30,101,133,101,12,101,11,101,20,101,17,101,25,101,19,101,133,0,37,101,120,0,120,0,120,0,120,0,120,0,120,0,120,0,120,0,120,0,120,0,32,101,21,101,8,101,5,101,7,101,133,101,22,101,120,0,120,0,120,0,120,0,120,0,120,0,120,0,120,0,120,0,120,0,120,0,120,0,120,0,120,0,120,0,120,0,120,0,120,0,120,0,120,0,120,0,120,0,120,0,120,0,120,0,120,0,13,101,133,101,14,0,133,101,133,0,133,101,51,0,120,0,120,0,120,0,120,0,120,0,120,0,120,0,120,0,120,0,120,0,120,0,120,0,120,0,120,0,120,0,120,0,120,0,120,0,120,0,120,0,120,0,120,0,120,0,120,0,120,0,16,101,28,101,15,101,133,101,0,101,
0,101,133,101,133,101,133,101,133,101,133,101,30,101,133,101,12,101,11,101,20,101,17,101,25,101,19,101,133,0,37,101,120,0,120,0,120,0,120,0,120,0,120,0,120,0,120,0,120,0,120,0,32,101,21,101,8,101,5,101,7,101,133,101,22,101,120,0,120,0,120,0,120,0,120,0,120,0,120,0,120,0,120,0,120,0,120,0,120,0,120,0,120,0,120,0,120,0,120,0,120,0,120,0,120,0,120,0,120,0,120,0,120,0,120,0,120,0,13,101,133,101,14,0,133,101,133,0,133,101,120,0,120,0,120,0,120,0,120,0,120,0,120,0,120,0,120,0,120,0,52,0,120,0,120,0,120,0,120,0,120,0,120,0,120,0,120,0,120,0,120,0,120,0,120,0,120,0,120,0,120,0,16,101,28,101,15,101,133,101,0,101,
0,98,133,98,133,98,133,98,133,98,133,98,30,98,133,98,12,98,11,98,20,98,17,98,25,98,19,98,133,0,37,98,120,98,120,98,120,98,120,98,120,98,120,98,120,98,120,98,120,98,120,98,32,98,21,98,8,98,5,98,7,98,133,98,22,98,120,0,120,0,120,0,120,0,120,0,120,0,120,0,120,0,120,0,120,0,120,0,120,0,120,0,120,0,120,0,120,0,120,0,120,0,120,0,120,0,120,0,120,0,120,0,120,0,120,0,120,0,13,98,133,98,14,98,133,98,133,98,133,98,120,0,120,0,120,0,120,0,120,0,120,0,120,0,120,0,120,0,120,0,120,0,120,0,120,0,120,0,120,0,120,0,120,0,120,0,120,0,120,0,120,0,120,0,120,0,120,0,120,0,120,0,16,98,28,98,15,98,133,98,0,98,
0,101,133,101,133,101,133,101,133,101,133,101,30,101,133,101,12,101,11,101,20,101,17,101,25,101,19,101,133,0,37,101,120,0,120,0,120,0,120,0,120,0,120,0,120,0,120,0,120,0,120,0,32,101,21,101,8,101,5,101,7,101,133,101,22,101,120,0,120,0,120,0,120,0,120,0,120,0,120,0,120,0,120,0,120,0,120,0,120,0,120,0,120,0,120,0,120,0,120,0,120,0,120,0,120,0,120,0,120,0,120,0,120,0,120,0,120,0,13,101,133,101,14,0,133,101,133,0,133,101,120,0,120,0,120,0,120,0,120,0,120,0,120,0,120,0,120,0,120,0,120,0,120,0,120,0,120,0,54,0,120,0,120,0,120,0,120,0,120,0,120,0,120,0,120,0,120,0,120,0,120,0,16,101,28,101,15,101,133,101,0,101,
0,101,133,101,133,101,133,101,133,101,133,101,30,101,133,101,12,101,11,101,20,101,17,101,25,101,19,101,133,0,37,101,120,0,120,0,120,0,120,0,120,0,120,0,120,0,120,0,120,0,120,0,32,101,21,101,8,101,5,101,7,101,133,101,22,101,120,0,120,0,120,0,120,0,120,0,120,0,120,0,120,0,120,0,120,0,120,0,120,0,120,0,120,0,120,0,120,0,120,0,120,0,120,0,120,0,120,0,120,0,120,0,120,0,120,0,120,0,13,101,133,101,14,0,133,101,133,0,133,101,120,0,120,0,120,0,120,0,120,0,120,0,120,0,120,0,120,0,120,0,120,0,120,0,120,0,55,0,120,0,120,0,120,0,120,0,120,0,120,0,120,0,120,0,120,0,120,0,120,0,120,0,16,101,28,101,15,101,133,101,0,101,
0,101,133,101,133,101,133,101,133,101,133,101,30,101,133,101,12,101,11,101,20,101,17,101,25,101,19,101,133,0,37,101,120,0,120,0,120,0,120,0,120,0,120,0,120,0,120,0,120,0,120,0,32,101,21,101,8,101,5,101,7,101,133,101,22,101,120,0,120,0,120,0,120,0,120,0,120,0,120,0,120,0,120,0,120,0,120,0,120,0,120,0,120,0,120,0,120,0,120,0,120,0,120,0,120,0,120,0,120,0,120,0,120,0,120,0,120,0,13,101,133,101,14,0,133,101,133,0,133,101,120,0,120,0,120,0,120,0,120,0,120,0,120,0,120,0,120,0,120,0,120,0,120,0,120,0,120,0,120,0,120,0,120,0,120,0,120,0,56,0,120,0,120,0,120,0,120,0,120,0,120,0,16,101,28,101,15,101,133,101,0,101,
0,101,133,101,133,101,133,101,133,101,133,101,30,101,133,101,12,101,11,101,20,101,17,101,25,101,19,101,133,0,37,101,120,0,120,0,120,0,120,0,120,0,120,0,120,0,120,0,120,0,120,0,32,101,21,101,8,101,5,101,7,101,133,101,22,101,120,0,120,0,120,0,120,0,120,0,120,0,120,0,120,0,120,0,120,0,120,0,120,0,120,0,120,0,120,0,120,0,120,0,120,0,120,0,120,0,120,0,120,0,120,0,120,0,120,0,120,0,13,101,133,101,14,0,133,101,133,0,133,101,120,0,120,0,120,0,120,0,120,0,120,0,120,0,120,0,57,0,120,0,120,0,120,0,120,0,120,0,120,0,120,0,120,0,120,0,120,0,120,0,120,0,120,0,120,0,120,0,120,0,120,0,16,101,28,101,15,101,133,101,0,101,
0,101,133,101,133,101,133,101,133,101,133,101,30,101,133,101,12,101,11,101,20,101,17,101,25,101,19,101,133,0,37,101,120,0,120,0,120,0,120,0,120,0,120,0,120,0,120,0,120,0,120,0,32,101,21,101,8,101,5,101,7,101,133,101,22,101,120,0,120,0,120,0,120,0,120,0,120,0,120,0,120,0,120,0,120,0,120,0,120,0,120,0,120,0,120,0,120,0,120,0,120,0,120,0,120,0,120,0,120,0,120,0,120,0,120,0,120,0,13,101,133,101,14,0,133,101,133,0,133,101,120,0,120,0,120,0,120,0,120,0,120,0,120,0,120,0,120,0,120,0,120,0,120,0,120,0,58,0,120,0,120,0,120,0,120,0,120,0,120,0,120,0,120,0,120,0,120,0,120,0,120,0,16,101,28,101,15,101,133,101,0,101,
0,101,133,101,133,101,133,101,133,101,133,101,30,101,133,101,12,101,11,101,20,101,17,101,25,101,19,101,133,0,37,101,120,0,120,0,120,0,120,0,120,0,120,0,120,0,120,0,120,0,120,0,32,101,21,101,8,101,5,101,7,101,133,101,22,101,120,0,120,0,120,0,120,0,120,0,120,0,120,0,120,0,120,0,120,0,120,0,120,0,120,0,120,0,120,0,120,0,120,0,120,0,120,0,120,0,120,0,120,0,120,0,120,0,120,0,120,0,13,101,133,101,14,0,133,101,133,0,133,101,120,0,120,0,120,0,120,0,120,0,120,0,120,0,120,0,120,0,120,0,120,0,120,0,120,0,120,0,120,0,120,0,120,0,120,0,120,0,120,0,59,0,120,0,120,0,120,0,120,0,120,0,16,101,28,101,15,101,133,101,0,101,
0,101,133,101,133,101,133,101,133,101,133,101,30,101,133,101,12,101,11,101,20,101,17,101,25,101,19,101,133,0,37,101,120,0,120,0,120,0,120,0,120,0,120,0,120,0,120,0,120,0,120,0,32,101,21,101,8,101,5,101,7,101,133,101,22,101,120,0,120,0,120,0,120,0,120,0,120,0,120,0,120,0,120,0,120,0,120,0,120,0,120,0,120,0,120,0,120,0,120,0,120,0,120,0,120,0,120,0,120,0,120,0,120,0,120,0,120,0,13,101,133,101,14,0,133,101,133,0,133,101,120,0,120,0,120,0,120,0,60,0,120,0,120,0,120,0,120,0,120,0,120,0,120,0,120,0,120,0,120,0,120,0,120,0,120,0,120,0,120,0,120,0,120,0,120,0,120,0,120,0,120,0,16,101,28,101,15,101,133,101,0,101,
0,100,133,100,133,100,133,100,133,100,133,100,30,100,133,100,12,100,11,100,20,100,17,100,25,100,19,100,133,0,37,100,120,100,120,100,120,100,120,100,120,100,120,100,120,100,120,100,120,100,120,100,32,100,21,100,8,100,5,100,7,100,133,100,22,100,120,0,120,0,120,0,120,0,120,0,120,0,120,0,120,0,120,0,120,0,120,0,120,0,120,0,120,0,120,0,120,0,120,0,120,0,120,0,120,0,120,0,120,0,120,0,120,0,120,0,120,0,13,100,133,100,14,100,133,100,133,100,133,100,120,0,120,0,120,0,120,0,120,0,120,0,120,0,120,0,120,0,120,0,120,0,120,0,120,0,120,0,120,0,120,0,120,0,120,0,120,0,120,0,120,0,120,0,120,0,120,0,120,0,120,0,16,100,28,100,15,100,133,100,0,100,
0,101,133,101,133,101,133,101,133,101,133,101,30,101,133,101,12,101,11,101,20,101,17,101,25,101,19,101,133,0,37,101,120,0,120,0,120,0,120,0,120,0,120,0,120,0,120,0,120,0,120,0,32,101,21,101,8,101,5,101,7,101,133,101,22,101,120,0,120,0,120,0,120,0,120,0,120,0,120,0,120,0,120,0,120,0,120,0,120,0,120,0,120,0,120,0,120,0,120,0,120,0,120,0,120,0,120,0,120,0,120,0,120,0,120,0,120,0,13,101,133,101,14,0,133,101,133,0,133,101,120,0,120,0,120,0,120,0,120,0,120,0,120,0,120,0,120,0,120,0,120,0,62,0,120,0,120,0,120,0,120,0,120,0,120,0,120,0,120,0,120,0,120,0,120,0,120,0,120,0,120,0,16,101,28,101,15,101,133,101,0,101,
0,101,133,101,133,101,133,101,133,101,133,101,30,101,133,101,12,101,11,101,20,101,17,101,25,101,19,101,133,0,37,101,120,0,120,0,120,0,120,0,120,0,120,0,120,0,120,0,120,0,120,0,32,101,21,101,8,101,5,101,7,101,133,101,22,101,120,0,120,0,120,0,120,0,120,0,120,0,120,0,120,0,120,0,120,0,120,0,120,0,120,0,120,0,120,0,120,0,120,0,120,0,120,0,120,0,120,0,120,0,120,0,120,0,120,0,120,0,13,101,133,101,14,0,133,101,133,0,133,101,120,0,120,0,120,0,120,0,120,0,120,0,120,0,120,0,120,0,120,0,120,0,120,0,120,0,120,0,120,0,120,0,120,0,120,0,63,0,120,0,120,0,120,0,120,0,120,0,120,0,120,0,16,101,28,101,15,101,133,101,0,101,
0,101,133,101,133,101,133,101,133,101,133,101,30,101,133,101,12,101,11,101,20,101,17,101,25,101,19,101,133,0,37,101,120,0,120,0,120,0,120,0,120,0,120,0,120,0,120,0,120,0,120,0,32,101,21,101,8,101,5,101,7,101,133,101,22,101,120,0,120,0,120,0,120,0,120,0,120,0,120,0,120,0,120,0,120,0,120,0,120,0,120,0,120,0,120,0,120,0,120,0,120,0,120,0,120,0,120,0,120,0,120,0,120,0,120,0,120,0,13,101,133,101,14,0,133,101,133,0,133,101,120,0,120,0,120,0,120,0,64,0,120,0,120,0,120,0,120,0,120,0,120,0,120,0,120,0,120,0,120,0,120,0,120,0,120,0,120,0,120,0,120,0,120,0,120,0,120,0,120,0,120,0,16,101,28,101,15,101,133,101,0,101,
0,123,133,123,133,123,133,123,133,123,133,123,30,123,133,123,12,123,11,123,20,123,17,123,25,123,19,123,133,0,37,123,120,123,120,123,120,123,120,123,120,123,120,123,120,123,120,123,120,123,120,123,32,123,21,123,8,123,5,123,7,123,133,123,22,123,120,0,120,0,120,0,120,0,120,0,120,0,120,0,120,0,120,0,120,0,120,0,120,0,120,0,120,0,120,0,120,0,120,0,120,0,120,0,120,0,120,0,120,0,120,0,120,0,120,0,120,0,13,123,133,123,14,123,133,123,133,123,133,123,120,0,120,0,120,0,120,0,120,0,120,0,120,0,120,0,120,0,120,0,120,0,120,0,120,0,120,0,120,0,120,0,120,0,120,0,120,0,120,0,120,0,120,0,120,0,120,0,120,0,120,0,16,123,28,123,15,123,133,123,0,123,
0,101,133,101,133,101,133,101,133,101,133,101,30,101,133,101,12,101,11,101,20,101,17,101,25,101,19,101,133,0,37,101,120,0,120,0,120,0,120,0,120,0,120,0,120,0,120,0,120,0,120,0,32,101,21,101,8,101,5,101,7,101,133,101,22,101,120,0,120,0,120,0,120,0,120,0,120,0,120,0,120,0,120,0,120,0,120,0,120,0,120,0,120,0,120,0,120,0,120,0,120,0,120,0,120,0,120,0,120,0,120,0,120,0,120,0,120,0,13,101,133,101,14,0,133,101,133,0,133,101,121,0,120,0,120,0,120,0,120,0,120,0,120,0,120,0,120,0,120,0,120,0,68,0,120,0,120,0,66,0,120,0,120,0,120,0,120,0,120,0,72,0,120,0,79,0,120,0,120,0,120,0,16,101,28,101,15,101,133,101,0,101,
0,101,133,101,133,101,133,101,133,101,133,101,30,101,133,101,12,101,11,101,20,101,17,101,25,101,19,101,133,0,37,101,120,0,120,0,120,0,120,0,120,0,120,0,120,0,120,0,120,0,120,0,32,101,21,101,8,101,5,101,7,101,133,101,22,101,120,0,120,0,120,0,120,0,120,0,120,0,120,0,120,0,120,0,120,0,120,0,120,0,120,0,120,0,120,0,120,0,120,0,120,0,120,0,120,0,120,0,120,0,120,0,120,0,120,0,120,0,13,101,133,101,14,0,133,101,133,0,133,101,120,0,120,0,120,0,120,0,120,0,120,0,120,0,120,0,120,0,120,0,120,0,120,0,120,0,120,0,120,0,120,0,120,0,67,0,120,0,120,0,120,0,120,0,120,0,120,0,120,0,120,0,16,101,28,101,15,101,133,101,0,101,
0,145,133,145,133,145,133,145,133,145,133,145,30,145,133,145,12,145,11,145,20,145,17,145,25,145,19,145,133,0,37,145,120,145,120,145,120,145,120,145,120,145,120,145,120,145,120,145,120,145,120,145,32,145,21,145,8,145,5,145,7,145,133,145,22,145,120,0,120,0,120,0,120,0,120,0,120,0,120,0,120,0,120,0,120,0,120,0,120,0,120,0,120,0,120,0,120,0,120,0,120,0,120,0,120,0,120,0,120,0,120,0,120,0,120,0,120,0,13,145,133,145,14,145,133,145,133,145,133,145,120,0,120,0,120,0,120,0,120,0,120,0,120,0,120,0,120,0,120,0,120,0,120,0,120,0,120,0,120,0,120,0,120,0,120,0,120,0,120,0,120,0,120,0,120,0,120,0,120,0,120,0,16,145,28,145,15,145,133,145,0,145,
0,101,133,101,133,101,133,101,133,101,133,101,30,101,133,101,12,101,11,101,20,101,17,101,25,101,19,101,133,0,37,101,120,0,120,0,120,0,120,0,120,0,120,0,120,0,120,0,120,0,120,0,32,101,21,101,8,101,5,101,7,101,133,101,22,101,120,0,120,0,120,0,120,0,120,0,120,0,120,0,120,0,120,0,120,0,120,0,120,0,120,0,120,0,120,0,120,0,120,0,120,0,120,0,120,0,120,0,120,0,120,0,120,0,120,0,120,0,13,101,133,101,14,0,133,101,133,0,133,101,120,0,120,0,120,0,120,0,120,0,120,0,120,0,120,0,120,0,120,0,120,0,120,0,120,0,120,0,69,0,120,0,120,0,120,0,120,0,120,0,120,0,120,0,120,0,120,0,120,0,120,0,16,101,28,101,15,101,133,101,0,101,
0,101,133,101,133,101,133,101,133,101,133,101,30,101,133,101,12,101,11,101,20,101,17,101,25,101,19,101,133,0,37,101,120,0,120,0,120,0,120,0,120,0,120,0,120,0,120,0,120,0,120,0,32,101,21,101,8,101,5,101,7,101,133,101,22,101,120,0,120,0,120,0,120,0,120,0,120,0,120,0,120,0,120,0,120,0,120,0,120,0,120,0,120,0,120,0,120,0,120,0,120,0,120,0,120,0,120,0,120,0,120,0,120,0,120,0,120,0,13,101,133,101,14,0,133,101,133,0,133,101,70,0,120,0,120,0,120,0,120,0,120,0,120,0,120,0,120,0,120,0,120,0,120,0,120,0,120,0,120,0,120,0,120,0,120,0,120,0,120,0,120,0,120,0,120,0,120,0,120,0,120,0,16,101,28,101,15,101,133,101,0,101,
0,101,133,101,133,101,133,101,133,101,133,101,30,101,133,101,12,101,11,101,20,101,17,101,25,101,19,101,133,0,37,101,120,0,120,0,120,0,120,0,120,0,120,0,120,0,120,0,120,0,120,0,32,101,21,101,8,101,5,101,7,101,133,101,22,101,120,0,120,0,120,0,120,0,120,0,120,0,120,0,120,0,120,0,120,0,120,0,120,0,120,0,120,0,120,0,120,0,120,0,120,0,120,0,120,0,120,0,120,0,120,0,120,0,120,0,120,0,13,101,133,101,14,0,133,101,133,0,133,101,120,0,120,0,120,0,120,0,120,0,120,0,120,0,120,0,120,0,120,0,120,0,120,0,120,0,120,0,120,0,120,0,120,0,120,0,120,0,71,0,120,0,120,0,120,0,120,0,120,0,120,0,16,101,28,101,15,101,133,101,0,101,
0,114,133,114,133,114,133,114,133,114,133,114,30,114,133,114,12,114,11,114,20,114,17,114,25,114,19,114,133,0,37,114,120,114,120,114,120,114,120,114,120,114,120,114,120,114,120,114,120,114,120,114,32,114,21,114,8,114,5,114,7,114,133,114,22,114,120,0,120,0,120,0,120,0,120,0,120,0,120,0,120,0,120,0,120,0,120,0,120,0,120,0,120,0,120,0,120,0,120,0,120,0,120,0,120,0,120,0,120,0,120,0,120,0,120,0,120,0,13,114,133,114,14,114,133,114,133,114,133,114,120,0,120,0,120,0,120,0,120,0,120,0,120,0,120,0,120,0,120,0,120,0,120,0,120,0,120,0,120,0,120,0,120,0,120,0,120,0,120,0,120,0,120,0,120,0,120,0,120,0,120,0,16,114,28,114,15,114,133,114,0,114,
0,101,133,101,133,101,133,101,133,101,133,101,30,101,133,101,12,101,11,101,20,101,17,101,25,101,19,101,133,0,37,101,120,0,120,0,120,0,120,0,120,0,120,0,120,0,120,0,120,0,120,0,32,101,21,101,8,101,5,101,7,101,133,101,22,101,120,0,120,0,120,0,120,0,120,0,120,0,120,0,120,0,120,0,120,0,120,0,120,0,120,0,120,0,120,0,120,0,120,0,120,0,120,0,120,0,120,0,120,0,120,0,120,0,120,0,120,0,13,101,133,101,14,0,133,101,133,0,133,101,120,0,120,0,120,0,120,0,120,0,120,0,120,0,120,0,120,0,120,0,120,0,120,0,120,0,73,0,120,0,120,0,120,0,120,0,120,0,120,0,120,0,120,0,120,0,120,0,120,0,120,0,16,101,28,101,15,101,133,101,0,101,
0,101,133,101,133,101,133,101,133,101,133,101,30,101,133,101,12,101,11,101,20,101,17,101,25,101,19,101,133,0,37,101,120,0,120,0,120,0,120,0,120,0,120,0,120,0,120,0,120,0,120,0,32,101,21,101,8,101,5,101,7,101,133,101,22,101,120,0,120,0,120,0,120,0,120,0,120,0,120,0,120,0,120,0,120,0,120,0,120,0,120,0,120,0,120,0,120,0,120,0,120,0,120,0,120,0,120,0,120,0,120,0,120,0,120,0,120,0,13,101,133,101,14,0,133,101,133,0,133,101,120,0,120,0,74,0,120,0,120,0,120,0,120,0,120,0,120,0,120,0,120,0,120,0,120,0,120,0,120,0,120,0,120,0,120,0,120,0,120,0,120,0,120,0,120,0,120,0,120,0,120,0,16,101,28,101,15,101,133,101,0,101,
0,101,133,101,133,101,133,101,133,101,133,101,30,101,133,101,12,101,11,101,20,101,17,101,25,101,19,101,133,0,37,101,120,0,120,0,120,0,120,0,120,0,120,0,120,0,120,0,120,0,120,0,32,101,21,101,8,101,5,101,7,101,133,101,22,101,120,0,120,0,120,0,120,0,120,0,120,0,120,0,120,0,120,0,120,0,120,0,120,0,120,0,120,0,120,0,120,0,120,0,120,0,120,0,120,0,120,0,120,0,120,0,120,0,120,0,120,0,13,101,133,101,14,0,133,101,133,0,133,101,120,0,120,0,120,0,120,0,120,0,120,0,120,0,120,0,120,0,120,0,120,0,120,0,120,0,120,0,120,0,120,0,120,0,120,0,120,0,75,0,120,0,120,0,120,0,120,0,120,0,120,0,16,101,28,101,15,101,133,101,0,101,
0,101,133,101,133,101,133,101,133,101,133,101,30,101,133,101,12,101,11,101,20,101,17,101,25,101,19,101,133,0,37,101,120,0,120,0,120,0,120,0,120,0,120,0,120,0,120,0,120,0,120,0,32,101,21,101,8,101,5,101,7,101,133,101,22,101,120,0,120,0,120,0,120,0,120,0,120,0,120,0,120,0,120,0,120,0,120,0,120,0,120,0,120,0,120,0,120,0,120,0,120,0,120,0,120,0,120,0,120,0,120,0,120,0,120,0,120,0,13,101,133,101,14,0,133,101,133,0,133,101,120,0,120,0,120,0,120,0,120,0,120,0,120,0,120,0,76,0,120,0,120,0,120,0,120,0,120,0,120,0,120,0,120,0,120,0,120,0,120,0,120,0,120,0,120,0,120,0,120,0,120,0,16,101,28,101,15,101,133,101,0,101,
0,101,133,101,133,101,133,101,133,101,133,101,30,101,133,101,12,101,11,101,20,101,17,101,25,101,19,101,133,0,37,101,120,0,120,0,120,0,120,0,120,0,120,0,120,0,120,0,120,0,120,0,32,101,21,101,8,101,5,101,7,101,133,101,22,101,120,0,120,0,120,0,120,0,120,0,120,0,120,0,120,0,120,0,120,0,120,0,120,0,120,0,120,0,120,0,120,0,120,0,120,0,120,0,120,0,120,0,120,0,120,0,120,0,120,0,120,0,13,101,133,101,14,0,133,101,133,0,133,101,120,0,120,0,120,0,120,0,120,0,120,0,120,0,120,0,120,0,120,0,120,0,120,0,120,0,120,0,77,0,120,0,120,0,120,0,120,0,120,0,120,0,120,0,120,0,120,0,120,0,120,0,16,101,28,101,15,101,133,101,0,101,
0,101,133,101,133,101,133,101,133,101,133,101,30,101,133,101,12,101,11,101,20,101,17,101,25,101,19,101,133,0,37,101,120,0,120,0,120,0,120,0,120,0,120,0,120,0,120,0,120,0,120,0,32,101,21,101,8,101,5,101,7,101,133,101,22,101,120,0,120,0,120,0,120,0,120,0,120,0,120,0,120,0,120,0,120,0,120,0,120,0,120,0,120,0,120,0,120,0,120,0,120,0,120,0,120,0,120,0,120,0,120,0,120,0,120,0,120,0,13,101,133,101,14,0,133,101,133,0,133,101,120,0,120,0,120,0,120,0,120,0,120,0,120,0,120,0,120,0,120,0,120,0,120,0,120,0,78,0,120,0,120,0,120,0,120,0,120,0,120,0,120,0,120,0,120,0,120,0,120,0,120,0,16,101,28,101,15,101,133,101,0,101,
0,138,133,138,133,138,133,138,133,138,133,138,30,138,133,138,12,138,11,138,20,138,17,138,25,138,19,138,133,0,37,138,120,138,120,138,120,138,120,138,120,138,120,138,120,138,120,138,120,138,120,138,32,138,21,138,8,138,5,138,7,138,133,138,22,138,120,0,120,0,120,0,120,0,120,0,120,0,120,0,120,0,120,0,120,0,120,0,120,0,120,0,120,0,120,0,120,0,120,0,120,0,120,0,120,0,120,0,120,0,120,0,120,0,120,0,120,0,13,138,133,138,14,138,133,138,133,138,133,138,120,0,120,0,120,0,120,0,120,0,120,0,120,0,120,0,120,0,120,0,120,0,120,0,120,0,120,0,120,0,120,0,120,0,120,0,120,0,120,0,120,0,120,0,120,0,120,0,120,0,120,0,16,138,28,138,15,138,133,138,0,138,
0,143,133,143,133,143,133,143,133,143,133,143,30,143,133,143,12,143,11,143,20,143,17,143,25,143,19,143,133,0,37,143,120,143,120,143,120,143,120,143,120,143,120,143,120,143,120,143,120,143,120,143,32,143,21,143,8,143,5,143,7,143,133,143,22,143,120,0,120,0,120,0,120,0,120,0,120,0,120,0,120,0,120,0,120,0,120,0,120,0,120,0,120,0,120,0,120,0,120,0,120,0,120,0,120,0,120,0,120,0,120,0,120,0,120,0,120,0,13,143,133,143,14,143,133,143,133,143,133,143,120,0,120,0,120,0,120,0,120,0,120,0,120,0,120,0,120,0,120,0,120,0,120,0,120,0,120,0,120,0,120,0,120,0,120,0,120,0,120,0,120,0,120,0,120,0,120,0,120,0,120,0,16,143,28,143,15,143,133,143,0,143,
0,101,133,101,133,101,133,101,133,101,133,101,30,101,133,101,12,101,11,101,20,101,17,101,25,101,19,101,133,0,37,101,120,0,120,0,120,0,120,0,120,0,120,0,120,0,120,0,120,0,120,0,32,101,21,101,8,101,5,101,7,101,133,101,22,101,120,0,120,0,120,0,120,0,120,0,120,0,120,0,120,0,120,0,120,0,120,0,120,0,120,0,120,0,120,0,120,0,120,0,120,0,120,0,120,0,120,0,120,0,120,0,120,0,120,0,120,0,13,101,133,101,14,0,133,101,133,0,133,101,120,0,120,0,120,0,120,0,120,0,81,0,120,0,120,0,120,0,120,0,120,0,120,0,120,0,82,0,120,0,120,0,120,0,120,0,120,0,120,0,120,0,120,0,120,0,120,0,120,0,120,0,16,101,28,101,15,101,133,101,0,101,
0,122,133,122,133,122,133,122,133,122,133,122,30,122,133,122,12,122,11,122,20,122,17,122,25,122,19,122,133,0,37,122,120,122,120,122,120,122,120,122,120,122,120,122,120,122,120,122,120,122,120,122,32,122,21,122,8,122,5,122,7,122,133,122,22,122,120,0,120,0,120,0,120,0,120,0,120,0,120,0,120,0,120,0,120,0,120,0,120,0,120,0,120,0,120,0,120,0,120,0,120,0,120,0,120,0,120,0,120,0,120,0,120,0,120,0,120,0,13,122,133,122,14,122,133,122,133,122,133,122,120,0,120,0,120,0,120,0,120,0,120,0,120,0,120,0,120,0,120,0,120,0,120,0,120,0,120,0,120,0,120,0,120,0,120,0,120,0,120,0,120,0,120,0,120,0,120,0,120,0,120,0,16,122,28,122,15,122,133,122,0,122,
0,101,133,101,133,101,133,101,133,101,133,101,30,101,133,101,12,101,11,101,20,101,17,101,25,101,19,101,133,0,37,101,120,0,120,0,120,0,120,0,120,0,120,0,120,0,120,0,120,0,120,0,32,101,21,101,8,101,5,101,7,101,133,101,22,101,120,0,120,0,120,0,120,0,120,0,120,0,120,0,120,0,120,0,120,0,120,0,120,0,120,0,120,0,120,0,120,0,120,0,120,0,120,0,120,0,120,0,120,0,120,0,120,0,120,0,120,0,13,101,133,101,14,0,133,101,133,0,133,101,120,0,120,0,120,0,120,0,120,0,120,0,120,0,120,0,120,0,120,0,120,0,120,0,120,0,120,0,120,0,120,0,120,0,120,0,120,0,83,0,120,0,120,0,120,0,120,0,120,0,120,0,16,101,28,101,15,101,133,101,0,101,
0,113,133,113,133,113,133,113,133,113,133,113,30,113,133,113,12,113,11,113,20,113,17,113,25,113,19,113,133,0,37,113,120,113,120,113,120,113,120,113,120,113,120,113,120,113,120,113,120,113,120,113,32,113,21,113,8,113,5,113,7,113,133,113,22,113,120,0,120,0,120,0,120,0,120,0,120,0,120,0,120,0,120,0,120,0,120,0,120,0,120,0,120,0,120,0,120,0,120,0,120,0,120,0,120,0,120,0,120,0,120,0,120,0,120,0,120,0,13,113,133,113,14,113,133,113,133,113,133,113,120,0,120,0,120,0,120,0,120,0,120,0,120,0,120,0,120,0,120,0,120,0,120,0,120,0,120,0,120,0,120,0,120,0,120,0,120,0,120,0,120,0,120,0,120,0,120,0,120,0,120,0,16,113,28,113,15,113,133,113,0,113,
0,101,133,101,133,101,133,101,133,101,133,101,30,101,133,101,12,101,11,101,20,101,17,101,25,101,19,101,133,0,37,101,120,0,120,0,120,0,120,0,120,0,120,0,120,0,120,0,120,0,120,0,32,101,21,101,8,101,5,101,7,101,133,101,22,101,120,0,120,0,120,0,120,0,120,0,120,0,120,0,120,0,120,0,120,0,120,0,120,0,120,0,120,0,120,0,120,0,120,0,120,0,120,0,120,0,120,0,120,0,120,0,120,0,120,0,120,0,13,101,133,101,14,0,133,101,133,0,133,101,120,0,120,0,120,0,120,0,85,0,120,0,120,0,120,0,120,0,120,0,120,0,120,0,120,0,120,0,120,0,120,0,120,0,120,0,120,0,99,0,120,0,120,0,120,0,120,0,120,0,120,0,16,101,28,101,15,101,133,101,0,101,
0,101,133,101,133,101,133,101,133,101,133,101,30,101,133,101,12,101,11,101,20,101,17,101,25,101,19,101,133,0,37,101,120,0,120,0,120,0,120,0,120,0,120,0,120,0,120,0,120,0,120,0,32,101,21,101,8,101,5,101,7,101,133,101,22,101,120,0,120,0,120,0,120,0,120,0,120,0,120,0,120,0,120,0,120,0,120,0,120,0,120,0,120,0,120,0,120,0,120,0,120,0,120,0,120,0,120,0,120,0,120,0,120,0,120,0,120,0,13,101,133,101,14,0,133,101,133,0,133,101,86,0,120,0,120,0,120,0,120,0,120,0,120,0,120,0,120,0,120,0,120,0,120,0,120,0,120,0,120,0,120,0,120,0,120,0,120,0,89,0,120,0,120,0,120,0,120,0,120,0,120,0,16,101,28,101,15,101,133,101,0,101,
0,101,133,101,133,101,133,101,133,101,133,101,30,101,133,101,12,101,11,101,20,101,17,101,25,101,19,101,133,0,37,101,120,0,120,0,120,0,120,0,120,0,120,0,120,0,120,0,120,0,120,0,32,101,21,101,8,101,5,101,7,101,133,101,22,101,120,0,120,0,120,0,120,0,120,0,120,0,120,0,120,0,120,0,120,0,120,0,120,0,120,0,120,0,120,0,120,0,120,0,120,0,120,0,120,0,120,0,120,0,120,0,120,0,120,0,120,0,13,101,133,101,14,0,133,101,133,0,133,101,120,0,120,0,120,0,87,0,120,0,120,0,120,0,120,0,120,0,120,0,120,0,120,0,120,0,120,0,120,0,120,0,120,0,120,0,120,0,120,0,120,0,120,0,120,0,120,0,120,0,120,0,16,101,28,101,15,101,133,101,0,101,
0,101,133,101,133,101,133,101,133,101,133,101,30,101,133,101,12,101,11,101,20,101,17,101,25,101,19,101,133,0,37,101,120,0,120,0,120,0,120,0,120,0,120,0,120,0,120,0,120,0,120,0,32,101,21,101,8,101,5,101,7,101,133,101,22,101,120,0,120,0,120,0,120,0,120,0,120,0,120,0,120,0,120,0,120,0,120,0,120,0,120,0,120,0,120,0,120,0,120,0,120,0,120,0,120,0,120,0,120,0,120,0,120,0,120,0,120,0,13,101,133,101,14,0,133,101,133,0,133,101,120,0,120,0,120,0,120,0,120,0,120,0,120,0,120,0,88,0,120,0,120,0,120,0,120,0,120,0,120,0,120,0,120,0,120,0,120,0,120,0,120,0,120,0,120,0,120,0,120,0,120,0,16,101,28,101,15,101,133,101,0,101,
0,140,133,140,133,140,133,140,133,140,133,140,30,140,133,140,12,140,11,140,20,140,17,140,25,140,19,140,133,0,37,140,120,140,120,140,120,140,120,140,120,140,120,140,120,140,120,140,120,140,120,140,32,140,21,140,8,140,5,140,7,140,133,140,22,140,120,0,120,0,120,0,120,0,120,0,120,0,120,0,120,0,120,0,120,0,120,0,120,0,120,0,120,0,120,0,120,0,120,0,120,0,120,0,120,0,120,0,120,0,120,0,120,0,120,0,120,0,13,140,133,140,14,140,133,140,133,140,133,140,120,0,120,0,120,0,120,0,120,0,120,0,120,0,120,0,120,0,120,0,120,0,120,0,120,0,120,0,120,0,120,0,120,0,120,0,120,0,120,0,120,0,120,0,120,0,120,0,120,0,120,0,16,140,28,140,15,140,133,140,0,140,
0,101,133,101,133,101,133,101,133,101,133,101,30,101,133,101,12,101,11,101,20,101,17,101,25,101,19,101,133,0,37,101,120,0,120,0,120,0,120,0,120,0,120,0,120,0,120,0,120,0,120,0,32,101,21,101,8,101,5,101,7,101,133,101,22,101,120,0,120,0,120,0,120,0,120,0,120,0,120,0,120,0,120,0,120,0,120,0,120,0,120,0,120,0,120,0,120,0,120,0,120,0,120,0,120,0,120,0,120,0,120,0,120,0,120,0,120,0,13,101,133,101,14,0,133,101,133,0,133,101,120,0,120,0,120,0,120,0,120,0,120,0,120,0,120,0,120,0,120,0,120,0,120,0,120,0,120,0,120,0,120,0,120,0,120,0,120,0,120,0,90,0,120,0,120,0,120,0,120,0,120,0,16,101,28,101,15,101,133,101,0,101,
0,101,133,101,133,101,133,101,133,101,133,101,30,101,133,101,12,101,11,101,20,101,17,101,25,101,19,101,133,0,37,101,120,0,120,0,120,0,120,0,120,0,120,0,120,0,120,0,120,0,120,0,32,101,21,101,8,101,5,101,7,101,133,101,22,101,120,0,120,0,120,0,120,0,120,0,120,0,120,0,120,0,120,0,120,0,120,0,120,0,120,0,120,0,120,0,120,0,120,0,120,0,120,0,120,0,120,0,120,0,120,0,120,0,120,0,120,0,13,101,133,101,14,0,133,101,133,0,133,101,120,0,120,0,120,0,120,0,120,0,120,0,120,0,120,0,120,0,120,0,120,0,120,0,120,0,120,0,120,0,120,0,120,0,91,0,120,0,120,0,120,0,120,0,120,0,120,0,120,0,120,0,16,101,28,101,15,101,133,101,0,101,
0,101,133,101,133,101,133,101,133,101,133,101,30,101,133,101,12,101,11,101,20,101,17,101,25,101,19,101,133,0,37,101,120,0,120,0,120,0,120,0,120,0,120,0,120,0,120,0,120,0,120,0,32,101,21,101,8,101,5,101,7,101,133,101,22,101,120,0,120,0,120,0,120,0,120,0,120,0,120,0,120,0,120,0,120,0,120,0,120,0,120,0,120,0,120,0,120,0,120,0,120,0,120,0,120,0,120,0,120,0,120,0,120,0,120,0,120,0,13,101,133,101,14,0,133,101,133,0,133,101,120,0,120,0,120,0,120,0,120,0,120,0,120,0,120,0,120,0,120,0,120,0,120,0,120,0,92,0,120,0,120,0,120,0,120,0,120,0,120,0,120,0,120,0,120,0,120,0,120,0,120,0,16,101,28,101,15,101,133,101,0,101,
0,139,133,139,133,139,133,139,133,139,133,139,30,139,133,139,12,139,11,139,20,139,17,139,25,139,19,139,133,0,37,139,120,139,120,139,120,139,120,139,120,139,120,139,120,139,120,139,120,139,120,139,32,139,21,139,8,139,5,139,7,139,133,139,22,139,120,0,120,0,120,0,120,0,120,0,120,0,120,0,120,0,120,0,120,0,120,0,120,0,120,0,120,0,120,0,120,0,120,0,120,0,120,0,120,0,120,0,120,0,120,0,120,0,120,0,120,0,13,139,133,139,14,139,133,139,133,139,133,139,120,0,120,0,120,0,120,0,120,0,120,0,120,0,120,0,120,0,120,0,120,0,120,0,120,0,120,0,120,0,120,0,120,0,120,0,120,0,120,0,120,0,120,0,120,0,120,0,120,0,120,0,16,139,28,139,15,139,133,139,0,139,
0,101,133,101,133,101,133,101,133,101,133,101,30,101,133,101,12,101,11,101,20,101,17,101,25,101,19,101,133,0,37,101,120,0,120,0,120,0,120,0,120,0,120,0,120,0,120,0,120,0,120,0,32,101,21,101,8,101,5,101,7,101,133,101,22,101,120,0,120,0,120,0,120,0,120,0,120,0,120,0,120,0,120,0,120,0,120,0,120,0,120,0,120,0,120,0,120,0,120,0,120,0,120,0,120,0,120,0,120,0,120,0,120,0,120,0,120,0,13,101,133,101,14,0,133,101,133,0,133,101,120,0,120,0,120,0,120,0,120,0,120,0,120,0,120,0,120,0,120,0,120,0,120,0,120,0,120,0,120,0,120,0,120,0,120,0,120,0,120,0,120,0,120,0,120,0,120,0,120,0,120,0,16,101,28,101,15,101,133,101,0,101,
0,101,133,101,133,101,133,101,133,101,133,101,30,101,133,101,12,101,11,101,20,101,17,101,25,101,19,101,133,0,37,101,120,0,120,0,120,0,120,0,120,0,120,0,120,0,120,0,120,0,120,0,32,101,21,101,8,101,5,101,7,101,133,101,22,101,120,0,120,0,120,0,120,0,120,0,120,0,120,0,120,0,120,0,120,0,120,0,120,0,120,0,120,0,120,0,120,0,120,0,120,0,120,0,120,0,120,0,120,0,120,0,120,0,120,0,120,0,13,101,133,101,14,0,133,101,133,0,133,101,120,0,120,0,120,0,120,0,120,0,120,0,120,0,120,0,120,0,120,0,120,0,120,0,120,0,120,0,120,0,120,0,120,0,120,0,120,0,120,0,120,0,120,0,120,0,120,0,120,0,120,0,16,101,28,101,15,101,133,101,0,101,
0,101,133,101,133,101,133,101,133,101,133,101,30,101,133,101,12,101,11,101,20,101,17,101,25,101,19,101,133,0,37,101,120,0,120,0,120,0,120,0,120,0,120,0,120,0,120,0,120,0,120,0,32,101,21,101,8,101,5,101,7,101,133,101,22,101,120,0,120,0,120,0,120,0,120,0,120,0,120,0,120,0,120,0,120,0,120,0,120,0,120,0,120,0,120,0,120,0,120,0,120,0,120,0,120,0,120,0,120,0,120,0,120,0,120,0,120,0,13,101,133,101,14,0,133,101,133,0,133,101,120,0,120,0,120,0,120,0,120,0,120,0,120,0,120,0,120,0,120,0,120,0,120,0,120,0,120,0,120,0,120,0,120,0,120,0,120,0,120,0,120,0,120,0,120,0,120,0,120,0,120,0,16,101,28,101,15,101,133,101,0,101,
0,101,133,101,133,101,133,101,133,101,133,101,30,101,133,101,12,101,11,101,20,101,17,101,25,101,19,101,133,0,37,101,120,0,120,0,120,0,120,0,120,0,120,0,120,0,120,0,120,0,120,0,32,101,21,101,8,101,5,101,7,101,133,101,22,101,120,0,120,0,120,0,120,0,120,0,120,0,120,0,120,0,120,0,120,0,120,0,120,0,120,0,120,0,120,0,120,0,120,0,120,0,120,0,120,0,120,0,120,0,120,0,120,0,120,0,120,0,13,101,133,101,14,0,133,101,133,0,133,101,120,0,120,0,120,0,120,0,120,0,120,0,120,0,120,0,120,0,120,0,120,0,120,0,120,0,120,0,120,0,120,0,120,0,120,0,120,0,120,0,120,0,120,0,120,0,120,0,120,0,120,0,16,101,28,101,15,101,133,101,0,101,
0,101,133,101,133,101,133,101,133,101,133,101,30,101,133,101,12,101,11,101,20,101,17,101,25,101,19,101,133,0,37,101,120,0,120,0,120,0,120,0,120,0,120,0,120,0,120,0,120,0,120,0,32,101,21,101,8,101,5,101,7,101,133,101,22,101,120,0,120,0,120,0,120,0,120,0,120,0,120,0,120,0,120,0,120,0,120,0,120,0,120,0,120,0,120,0,120,0,120,0,120,0,120,0,120,0,120,0,120,0,120,0,120,0,120,0,120,0,13,101,133,101,14,0,133,101,133,0,133,101,120,0,120,0,120,0,120,0,120,0,120,0,120,0,120,0,120,0,120,0,120,0,120,0,120,0,120,0,120,0,120,0,120,0,120,0,120,0,120,0,120,0,120,0,120,0,120,0,120,0,120,0,16,101,28,101,15,101,133,101,0,101,
0,101,133,101,133,101,133,101,133,101,133,101,30,101,133,101,12,101,11,101,20,101,17,101,25,101,19,101,133,0,37,101,120,101,120,101,120,101,120,101,120,101,120,101,120,101,120,101,120,101,120,101,32,101,21,101,8,101,5,101,7,101,133,101,22,101,120,0,120,0,120,0,120,0,120,0,120,0,120,0,120,0,120,0,120,0,120,0,120,0,120,0,120,0,120,0,120,0,120,0,120,0,120,0,120,0,120,0,120,0,120,0,120,0,120,0,120,0,13,101,133,101,14,101,133,101,133,101,133,101,120,0,120,0,120,0,120,0,120,0,120,0,120,0,120,0,120,0,120,0,120,0,120,0,120,0,120,0,120,0,120,0,120,0,120,0,120,0,120,0,120,0,120,0,120,0,120,0,120,0,120,0,16,101,28,101,15,101,133,101,0,101,
0,144,133,144,133,144,133,144,133,144,133,144,30,144,133,144,12,144,11,144,20,144,17,144,25,144,19,144,133,0,37,144,120,144,120,144,120,144,120,144,120,144,120,144,120,144,120,144,120,144,120,144,32,144,21,144,8,144,5,144,7,144,133,144,22,144,120,0,120,0,120,0,120,0,120,0,120,0,120,0,120,0,120,0,120,0,120,0,120,0,120,0,120,0,120,0,120,0,120,0,120,0,120,0,120,0,120,0,120,0,120,0,120,0,120,0,120,0,13,144,133,144,14,144,133,144,133,144,133,144,120,0,120,0,120,0,120,0,120,0,120,0,120,0,120,0,120,0,120,0,120,0,120,0,120,0,120,0,120,0,120,0,120,0,120,0,120,0,120,0,120,0,120,0,120,0,120,0,120,0,120,0,16,144,28,144,15,144,133,144,0,144,
0,101,133,101,133,101,133,101,133,101,133,101,30,101,133,101,12,101,11,101,20,101,17,101,25,101,19,101,133,0,37,101,120,0,120,0,120,0,120,0,120,0,120,0,120,0,120,0,120,0,120,0,32,101,21,101,8,101,5,101,7,101,133,101,22,101,120,0,120,0,120,0,120,0,120,0,120,0,120,0,120,0,120,0,120,0,120,0,120,0,120,0,120,0,120,0,120,0,120,0,120,0,120,0,120,0,120,0,120,0,120,0,120,0,120,0,120,0,13,101,133,101,14,0,133,101,133,0,133,101,101,0,120,0,120,0,120,0,120,0,120,0,120,0,120,0,120,0,120,0,120,0,120,0,120,0,120,0,120,0,120,0,120,0,120,0,120,0,120,0,120,0,120,0,120,0,120,0,120,0,120,0,16,101,28,101,15,101,133,101,0,101,
0,101,133,101,133,101,133,101,133,101,133,101,30,101,133,101,12,101,11,101,20,101,17,101,25,101,19,101,133,0,37,101,120,0,120,0,120,0,120,0,120,0,120,0,120,0,120,0,120,0,120,0,32,101,21,101,8,101,5,101,7,101,133,101,22,101,120,0,120,0,120,0,120,0,120,0,120,0,120,0,120,0,120,0,120,0,120,0,120,0,120,0,120,0,120,0,120,0,120,0,120,0,120,0,120,0,120,0,120,0,120,0,120,0,120,0,120,0,13,101,133,101,14,0,133,101,133,0,133,101,120,0,120,0,120,0,120,0,120,0,120,0,120,0,120,0,102,0,120,0,120,0,120,0,120,0,120,0,120,0,120,0,120,0,120,0,120,0,120,0,120,0,120,0,120,0,120,0,120,0,120,0,16,101,28,101,15,101,133,101,0,101,
0,101,133,101,133,101,133,101,133,101,133,101,30,101,133,101,12,101,11,101,20,101,17,101,25,101,19,101,133,0,37,101,120,0,120,0,120,0,120,0,120,0,120,0,120,0,120,0,120,0,120,0,32,101,21,101,8,101,5,101,7,101,133,101,22,101,120,0,120,0,120,0,120,0,120,0,120,0,120,0,120,0,120,0,120,0,120,0,120,0,120,0,120,0,120,0,120,0,120,0,120,0,120,0,120,0,120,0,120,0,120,0,120,0,120,0,120,0,13,101,133,101,14,0,133,101,133,0,133,101,120,0,120,0,120,0,120,0,120,0,120,0,120,0,120,0,120,0,120,0,120,0,120,0,120,0,103,0,120,0,120,0,120,0,120,0,120,0,120,0,120,0,120,0,120,0,120,0,120,0,120,0,16,101,28,101,15,101,133,101,0,101,
0,137,133,137,133,137,133,137,133,137,133,137,30,137,133,137,12,137,11,137,20,137,17,137,25,137,19,137,133,0,37,137,120,137,120,137,120,137,120,137,120,137,120,137,120,137,120,137,120,137,120,137,32,137,21,137,8,137,5,137,7,137,133,137,22,137,120,0,120,0,120,0,120,0,120,0,120,0,120,0,120,0,120,0,120,0,120,0,120,0,120,0,120,0,120,0,120,0,120,0,120,0,120,0,120,0,120,0,120,0,120,0,120,0,120,0,120,0,13,137,133,137,14,137,133,137,133,137,133,137,120,0,120,0,120,0,120,0,120,0,120,0,120,0,120,0,120,0,120,0,120,0,120,0,120,0,120,0,120,0,120,0,120,0,120,0,120,0,120,0,120,0,120,0,120,0,120,0,120,0,120,0,16,137,28,137,15,137,133,137,0,137,
0,101,133,101,133,101,133,101,133,101,133,101,30,101,133,101,12,101,11,101,20,101,17,101,25,101,19,101,133,0,37,101,120,0,120,0,120,0,120,0,120,0,120,0,120,0,120,0,120,0,120,0,32,101,21,101,8,101,5,101,7,101,133,101,22,101,120,0,120,0,120,0,120,0,120,0,120,0,120,0,120,0,120,0,120,0,120,0,120,0,120,0,120,0,120,0,120,0,120,0,120,0,120,0,120,0,120,0,120,0,120,0,120,0,120,0,120,0,13,101,133,101,14,0,133,101,133,0,133,101,120,0,120,0,120,0,120,0,120,0,120,0,120,0,120,0,120,0,120,0,120,0,120,0,120,0,120,0,105,0,120,0,120,0,120,0,120,0,120,0,120,0,120,0,120,0,120,0,120,0,120,0,16,101,28,101,15,101,133,101,0,101,
0,101,133,101,133,101,133,101,133,101,133,101,30,101,133,101,12,101,11,101,20,101,17,101,25,101,19,101,133,0,37,101,120,0,120,0,120,0,120,0,120,0,120,0,120,0,120,0,120,0,120,0,32,101,21,101,8,101,5,101,7,101,133,101,22,101,120,0,120,0,120,0,120,0,120,0,120,0,120,0,120,0,120,0,120,0,120,0,120,0,120,0,120,0,120,0,120,0,120,0,120,0,120,0,120,0,120,0,120,0,120,0,120,0,120,0,120,0,13,101,133,101,14,0,133,101,133,0,133,101,120,0,120,0,120,0,120,0,120,0,120,0,120,0,120,0,120,0,120,0,120,0,120,0,120,0,120,0,120,0,120,0,120,0,120,0,120,0,106,0,120,0,120,0,120,0,120,0,120,0,120,0,16,101,28,101,15,101,133,101,0,101,
0,110,133,110,133,110,133,110,133,110,133,110,30,110,133,110,12,110,11,110,20,110,17,110,25,110,19,110,133,0,37,110,120,110,120,110,120,110,120,110,120,110,120,110,120,110,120,110,120,110,120,110,32,110,21,110,8,110,5,110,7,110,133,110,22,110,120,0,120,0,120,0,120,0,120,0,120,0,120,0,120,0,120,0,120,0,120,0,120,0,120,0,120,0,120,0,120,0,120,0,120,0,120,0,120,0,120,0,120,0,120,0,120,0,120,0,120,0,13,110,133,110,14,110,133,110,133,110,133,110,120,0,120,0,120,0,120,0,120,0,120,0,120,0,120,0,120,0,120,0,120,0,120,0,120,0,120,0,120,0,120,0,120,0,120,0,120,0,120,0,120,0,120,0,120,0,120,0,120,0,120,0,16,110,28,110,15,110,133,110,0,110,
0,101,133,101,133,101,133,101,133,101,133,101,30,101,133,101,12,101,11,101,20,101,17,101,25,101,19,101,133,0,37,101,120,0,120,0,120,0,120,0,120,0,120,0,120,0,120,0,120,0,120,0,32,101,21,101,8,101,5,101,7,101,133,101,22,101,120,0,120,0,120,0,120,0,120,0,120,0,120,0,120,0,120,0,120,0,120,0,120,0,120,0,120,0,120,0,120,0,120,0,120,0,120,0,120,0,120,0,120,0,120,0,120,0,120,0,120,0,13,101,133,101,14,0,133,101,133,0,133,101,120,0,120,0,120,0,120,0,120,0,120,0,120,0,120,0,120,0,120,0,120,0,120,0,120,0,120,0,108,0,120,0,120,0,120,0,120,0,120,0,120,0,120,0,120,0,120,0,120,0,120,0,16,101,28,101,15,101,133,101,0,101,
0,101,133,101,133,101,133,101,133,101,133,101,30,101,133,101,12,101,11,101,20,101,17,101,25,101,19,101,133,0,37,101,120,0,120,0,120,0,120,0,120,0,120,0,120,0,120,0,120,0,120,0,32,101,21,101,8,101,5,101,7,101,133,101,22,101,120,0,120,0,120,0,120,0,120,0,120,0,120,0,120,0,120,0,120,0,120,0,120,0,120,0,120,0,120,0,120,0,120,0,120,0,120,0,120,0,120,0,120,0,120,0,120,0,120,0,120,0,13,101,133,101,14,0,133,101,133,0,133,101,120,0,120,0,120,0,120,0,120,0,120,0,120,0,120,0,109,0,120,0,120,0,120,0,120,0,120,0,120,0,120,0,120,0,120,0,120,0,120,0,120,0,120,0,120,0,120,0,120,0,120,0,16,101,28,101,15,101,133,101,0,101,
0,101,133,101,133,101,133,101,133,101,133,101,30,101,133,101,12,101,11,101,20,101,17,101,25,101,19,101,133,0,37,101,120,0,120,0,120,0,120,0,120,0,120,0,120,0,120,0,120,0,120,0,32,101,21,101,8,101,5,101,7,101,133,101,22,101,120,0,120,0,120,0,120,0,120,0,120,0,120,0,120,0,120,0,120,0,120,0,120,0,120,0,120,0,120,0,120,0,120,0,120,0,120,0,120,0,120,0,120,0,120,0,120,0,120,0,120,0,13,101,133,101,14,0,133,101,133,0,133,101,120,0,120,0,120,0,120,0,120,0,120,0,120,0,120,0,120,0,120,0,120,0,120,0,120,0,110,0,120,0,120,0,120,0,120,0,120,0,120,0,120,0,120,0,120,0,120,0,120,0,120,0,16,101,28,101,15,101,133,101,0,101,
0,101,133,101,133,101,133,101,133,101,133,101,30,101,133,101,12,101,11,101,20,101,17,101,25,101,19,101,133,0,37,101,120,0,120,0,120,0,120,0,120,0,120,0,120,0,120,0,120,0,120,0,32,101,21,101,8,101,5,101,7,101,133,101,22,101,120,0,120,0,120,0,120,0,120,0,120,0,120,0,120,0,120,0,120,0,120,0,120,0,120,0,120,0,120,0,120,0,120,0,120,0,120,0,120,0,120,0,120,0,120,0,120,0,120,0,120,0,13,101,133,101,14,0,133,101,133,0,133,101,120,0,120,0,120,0,120,0,120,0,120,0,120,0,120,0,120,0,120,0,120,0,120,0,120,0,120,0,120,0,120,0,120,0,120,0,120,0,111,0,120,0,120,0,120,0,120,0,120,0,120,0,16,101,28,101,15,101,133,101,0,101,
0,108,133,108,133,108,133,108,133,108,133,108,30,108,133,108,12,108,11,108,20,108,17,108,25,108,19,108,133,0,37,108,120,108,120,108,120,108,120,108,120,108,120,108,120,108,120,108,120,108,120,108,32,108,21,108,8,108,5,108,7,108,133,108,22,108,120,0,120,0,120,0,120,0,120,0,120,0,120,0,120,0,120,0,120,0,120,0,120,0,120,0,120,0,120,0,120,0,120,0,120,0,120,0,120,0,120,0,120,0,120,0,120,0,120,0,120,0,13,108,133,108,14,108,133,108,133,108,133,108,120,0,120,0,120,0,120,0,120,0,120,0,120,0,120,0,120,0,120,0,120,0,120,0,120,0,120,0,120,0,120,0,120,0,120,0,120,0,120,0,120,0,120,0,120,0,120,0,120,0,120,0,16,108,28,108,15,108,133,108,0,108,
0,101,133,101,133,101,133,101,133,101,133,101,30,101,133,101,12,101,11,101,20,101,17,101,25,101,19,101,133,0,37,101,120,0,120,0,120,0,120,0,120,0,120,0,120,0,120,0,120,0,120,0,32,101,21,101,8,101,5,101,7,101,133,101,22,101,120,0,120,0,120,0,120,0,120,0,120,0,120,0,120,0,120,0,120,0,120,0,120,0,120,0,120,0,120,0,120,0,120,0,120,0,120,0,120,0,120,0,120,0,120,0,120,0,120,0,120,0,13,101,133,101,14,0,133,101,133,0,133,101,120,0,120,0,120,0,120,0,120,0,120,0,120,0,120,0,120,0,120,0,120,0,120,0,120,0,120,0,120,0,120,0,120,0,120,0,120,0,120,0,120,0,120,0,120,0,120,0,120,0,120,0,16,101,28,101,15,101,133,101,0,101,
0,101,133,101,133,101,133,101,133,101,133,101,30,101,133,101,12,101,11,101,20,101,17,101,25,101,19,101,133,0,37,101,120,0,120,0,120,0,120,0,120,0,120,0,120,0,120,0,120,0,120,0,32,101,21,101,8,101,5,101,7,101,133,101,22,101,120,0,120,0,120,0,120,0,120,0,120,0,120,0,120,0,120,0,120,0,120,0,120,0,120,0,120,0,120,0,120,0,120,0,120,0,120,0,120,0,120,0,120,0,120,0,120,0,120,0,120,0,13,101,133,101,14,0,133,101,133,0,133,101,120,0,120,0,120,0,120,0,120,0,120,0,120,0,120,0,120,0,120,0,120,0,120,0,120,0,120,0,120,0,120,0,120,0,120,0,120,0,120,0,120,0,120,0,120,0,120,0,120,0,120,0,16,101,28,101,15,101,133,101,0,101,
0,101,133,101,133,101,133,101,133,101,133,101,30,101,133,101,12,101,11,101,20,101,17,101,25,101,19,101,133,0,37,101,120,0,120,0,120,0,120,0,120,0,120,0,120,0,120,0,120,0,120,0,32,101,21,101,8,101,5,101,7,101,133,101,22,101,120,0,120,0,120,0,120,0,120,0,120,0,120,0,120,0,120,0,120,0,120,0,120,0,120,0,120,0,120,0,120,0,120,0,120,0,120,0,120,0,120,0,120,0,120,0,120,0,120,0,120,0,13,101,133,101,14,0,133,101,133,0,133,101,120,0,120,0,120,0,120,0,120,0,120,0,120,0,120,0,120,0,120,0,120,0,120,0,120,0,120,0,120,0,120,0,120,0,120,0,120,0,120,0,120,0,120,0,120,0,120,0,120,0,120,0,16,101,28,101,15,101,133,101,0,101,
0,101,133,101,133,101,133,101,133,101,133,101,30,101,133,101,12,101,11,101,20,101,17,101,25,101,19,101,133,0,37,101,120,0,120,0,120,0,120,0,120,0,120,0,120,0,120,0,120,0,120,0,32,101,21,101,8,101,5,101,7,101,133,101,22,101,120,0,120,0,120,0,120,0,120,0,120,0,120,0,120,0,120,0,120,0,120,0,120,0,120,0,120,0,120,0,120,0,120,0,120,0,120,0,120,0,120,0,120,0,120,0,120,0,120,0,120,0,13,101,133,101,14,0,133,101,133,0,133,101,120,0,120,0,120,0,120,0,120,0,120,0,120,0,120,0,120,0,120,0,120,0,120,0,120,0,120,0,120,0,120,0,120,0,120,0,120,0,120,0,120,0,120,0,120,0,120,0,120,0,120,0,16,101,28,101,15,101,133,101,0,101,
0,101,133,101,133,101,133,101,133,101,133,101,30,101,133,101,12,101,11,101,20,101,17,101,25,101,19,101,133,0,37,101,120,0,120,0,120,0,120,0,120,0,120,0,120,0,120,0,120,0,120,0,32,101,21,101,8,101,5,101,7,101,133,101,22,101,120,0,120,0,120,0,120,0,120,0,120,0,120,0,120,0,120,0,120,0,120,0,120,0,120,0,120,0,120,0,120,0,120,0,120,0,120,0,120,0,120,0,120,0,120,0,120,0,120,0,120,0,13,101,133,101,14,0,133,101,133,0,133,101,120,0,120,0,120,0,120,0,120,0,120,0,120,0,120,0,120,0,120,0,120,0,120,0,120,0,120,0,120,0,120,0,120,0,120,0,120,0,120,0,120,0,120,0,120,0,120,0,120,0,120,0,16,101,28,101,15,101,133,101,0,101,
0,101,133,101,133,101,133,101,133,101,133,101,30,101,133,101,12,101,11,101,20,101,17,101,25,101,19,101,133,0,37,101,120,0,120,0,120,0,120,0,120,0,120,0,120,0,120,0,120,0,120,0,32,101,21,101,8,101,5,101,7,101,133,101,22,101,120,0,120,0,120,0,120,0,120,0,120,0,120,0,120,0,120,0,120,0,120,0,120,0,120,0,120,0,120,0,120,0,120,0,120,0,120,0,120,0,120,0,120,0,120,0,120,0,120,0,120,0,13,101,133,101,14,0,133,101,133,0,133,101,120,0,120,0,120,0,120,0,120,0,120,0,120,0,120,0,120,0,120,0,120,0,120,0,120,0,120,0,120,0,120,0,120,0,120,0,120,0,120,0,120,0,120,0,120,0,120,0,120,0,120,0,16,101,28,101,15,101,133,101,0,101,
0,101,133,101,133,101,133,101,133,101,133,101,30,101,133,101,12,101,11,101,20,101,17,101,25,101,19,101,133,0,37,101,120,0,120,0,120,0,120,0,120,0,120,0,120,0,120,0,120,0,120,0,32,101,21,101,8,101,5,101,7,101,133,101,22,101,120,0,120,0,120,0,120,0,120,0,120,0,120,0,120,0,120,0,120,0,120,0,120,0,120,0,120,0,120,0,120,0,120,0,120,0,120,0,120,0,120,0,120,0,120,0,120,0,120,0,120,0,13,101,133,101,14,0,133,101,133,0,133,101,120,0,120,0,120,0,120,0,120,0,120,0,120,0,120,0,120,0,120,0,120,0,120,0,120,0,120,0,120,0,120,0,120,0,120,0,120,0,120,0,120,0,120,0,120,0,120,0,120,0,120,0,16,101,28,101,15,101,133,101,0,101,
0,101,133,101,133,101,133,101,133,101,133,101,30,101,133,101,12,101,11,101,20,101,17,101,25,101,19,101,133,0,37,101,120,101,120,101,120,101,120,101,120,101,120,101,120,101,120,101,120,101,120,101,32,101,21,101,8,101,5,101,7,101,133,101,22,101,120,0,120,0,120,0,120,0,120,0,120,0,120,0,120,0,120,0,120,0,120,0,120,0,120,0,120,0,120,0,120,0,120,0,120,0,120,0,120,0,120,0,120,0,120,0,120,0,120,0,120,0,13,101,133,101,14,101,133,101,133,101,133,101,120,0,120,0,120,0,120,0,120,0,120,0,120,0,120,0,120,0,120,0,120,0,120,0,120,0,120,0,120,0,120,0,120,0,120,0,120,0,120,0,120,0,120,0,120,0,120,0,120,0,120,0,16,101,28,101,15,101,133,101,0,101,
0,101,133,101,133,101,133,101,133,101,133,101,30,101,133,101,12,101,11,101,20,101,17,101,25,101,19,101,133,0,37,101,120,0,120,0,120,0,120,0,120,0,120,0,120,0,120,0,120,0,120,0,32,101,21,101,8,101,5,101,7,101,133,101,22,101,120,0,120,0,120,0,120,0,120,0,120,0,120,0,120,0,120,0,120,0,120,0,120,0,120,0,120,0,120,0,120,0,120,0,120,0,120,0,120,0,120,0,120,0,120,0,120,0,120,0,120,0,13,101,133,101,14,0,133,101,133,0,133,101,120,0,120,0,120,0,120,0,120,0,120,0,120,0,120,0,120,0,120,0,120,0,120,0,120,0,120,0,120,0,120,0,120,0,120,0,120,0,120,0,120,0,120,0,120,0,120,0,120,0,120,0,16,101,28,101,15,101,133,101,0,101,
0,101,133,101,133,101,133,101,133,101,133,101,30,101,133,101,12,101,11,101,20,101,17,101,25,101,19,101,133,0,37,101,120,0,120,0,120,0,120,0,120,0,120,0,120,0,120,0,120,0,120,0,32,101,21,101,8,101,5,101,7,101,133,101,22,101,120,0,120,0,120,0,120,0,120,0,120,0,120,0,120,0,120,0,120,0,120,0,120,0,120,0,120,0,120,0,120,0,120,0,120,0,120,0,120,0,120,0,120,0,120,0,120,0,120,0,120,0,13,101,133,101,14,0,133,101,133,0,133,101,120,0,120,0,120,0,120,0,120,0,120,0,120,0,120,0,120,0,120,0,120,0,122,0,120,0,120,0,120,0,120,0,120,0,120,0,120,0,120,0,120,0,120,0,120,0,120,0,120,0,120,0,16,101,28,101,15,101,133,101,0,101,
0,101,133,101,133,101,133,101,133,101,133,101,30,101,133,101,12,101,11,101,20,101,17,101,25,101,19,101,133,0,37,101,120,0,120,0,120,0,120,0,120,0,120,0,120,0,120,0,120,0,120,0,32,101,21,101,8,101,5,101,7,101,133,101,22,101,120,0,120,0,120,0,120,0,120,0,120,0,120,0,120,0,120,0,120,0,120,0,120,0,120,0,120,0,120,0,120,0,120,0,120,0,120,0,120,0,120,0,120,0,120,0,120,0,120,0,120,0,13,101,133,101,14,0,133,101,133,0,133,101,120,0,120,0,120,0,120,0,120,0,120,0,120,0,120,0,120,0,120,0,120,0,120,0,120,0,120,0,120,0,120,0,120,0,120,0,123,0,120,0,120,0,120,0,120,0,120,0,120,0,120,0,16,101,28,101,15,101,133,101,0,101,
0,101,133,101,133,101,133,101,133,101,133,101,30,101,133,101,12,101,11,101,20,101,17,101,25,101,19,101,133,0,37,101,120,0,120,0,120,0,120,0,120,0,120,0,120,0,120,0,120,0,120,0,32,101,21,101,8,101,5,101,7,101,133,101,22,101,120,0,120,0,120,0,120,0,120,0,120,0,120,0,120,0,120,0,120,0,120,0,120,0,120,0,120,0,120,0,120,0,120,0,120,0,120,0,120,0,120,0,120,0,120,0,120,0,120,0,120,0,13,101,133,101,14,0,133,101,133,0,133,101,120,0,120,0,120,0,120,0,124,0,120,0,120,0,120,0,120,0,120,0,120,0,120,0,120,0,120,0,120,0,120,0,120,0,120,0,120,0,120,0,120,0,120,0,120,0,120,0,120,0,120,0,16,101,28,101,15,101,133,101,0,101,
0,120,133,120,133,120,133,120,133,120,133,120,30,120,133,120,12,120,11,120,20,120,17,120,25,120,19,120,133,0,37,120,120,120,120,120,120,120,120,120,120,120,120,120,120,120,120,120,120,120,120,120,32,120,21,120,8,120,5,120,7,120,133,120,22,120,120,0,120,0,120,0,120,0,120,0,120,0,120,0,120,0,120,0,120,0,120,0,120,0,120,0,120,0,120,0,120,0,120,0,120,0,120,0,120,0,120,0,120,0,120,0,120,0,120,0,120,0,13,120,133,120,14,120,133,120,133,120,133,120,120,0,120,0,120,0,120,0,120,0,120,0,120,0,120,0,120,0,120,0,120,0,120,0,120,0,120,0,120,0,120,0,120,0,120,0,120,0,120,0,120,0,120,0,120,0,120,0,120,0,120,0,16,120,28,120,15,120,133,120,0,120,
0,101,133,101,133,101,133,101,133,101,133,101,30,101,133,101,12,101,11,101,20,101,17,101,25,101,19,101,133,0,37,101,120,0,120,0,120,0,120,0,120,0,120,0,120,0,120,0,120,0,120,0,32,101,21,101,8,101,5,101,7,101,133,101,22,101,120,0,120,0,120,0,120,0,120,0,120,0,120,0,120,0,120,0,120,0,120,0,120,0,120,0,120,0,120,0,120,0,120,0,120,0,120,0,120,0,120,0,120,0,120,0,120,0,120,0,120,0,13,101,133,101,14,0,133,101,133,0,133,101,120,0,120,0,120,0,120,0,120,0,120,0,120,0,120,0,120,0,120,0,120,0,120,0,120,0,120,0,120,0,120,0,120,0,126,0,120,0,120,0,120,0,120,0,120,0,120,0,120,0,120,0,16,101,28,101,15,101,133,101,0,101,
0,101,133,101,133,101,133,101,133,101,133,101,30,101,133,101,12,101,11,101,20,101,17,101,25,101,19,101,133,0,37,101,120,0,120,0,120,0,120,0,120,0,120,0,120,0,120,0,120,0,120,0,32,101,21,101,8,101,5,101,7,101,133,101,22,101,120,0,120,0,120,0,120,0,120,0,120,0,120,0,120,0,120,0,120,0,120,0,120,0,120,0,120,0,120,0,120,0,120,0,120,0,120,0,120,0,120,0,120,0,120,0,120,0,120,0,120,0,13,101,133,101,14,0,133,101,133,0,133,101,120,0,120,0,120,0,120,0,120,0,120,0,120,0,120,0,120,0,120,0,120,0,120,0,120,0,120,0,120,0,120,0,120,0,120,0,120,0,120,0,127,0,120,0,120,0,120,0,120,0,120,0,16,101,28,101,15,101,133,101,0,101,
0,101,133,101,133,101,133,101,133,101,133,101,30,101,133,101,12,101,11,101,20,101,17,101,25,101,19,101,133,0,37,101,120,0,120,0,120,0,120,0,120,0,120,0,120,0,120,0,120,0,120,0,32,101,21,101,8,101,5,101,7,101,133,101,22,101,120,0,120,0,120,0,120,0,120,0,120,0,120,0,120,0,120,0,120,0,120,0,120,0,120,0,120,0,120,0,120,0,120,0,120,0,120,0,120,0,120,0,120,0,120,0,120,0,120,0,120,0,13,101,133,101,14,0,133,101,133,0,133,101,120,0,120,0,120,0,120,0,128,0,120,0,120,0,120,0,120,0,120,0,120,0,120,0,120,0,120,0,120,0,120,0,120,0,120,0,120,0,120,0,120,0,120,0,120,0,120,0,120,0,120,0,16,101,28,101,15,101,133,101,0,101,
0,119,133,119,133,119,133,119,133,119,133,119,30,119,133,119,12,119,11,119,20,119,17,119,25,119,19,119,133,0,37,119,120,119,120,119,120,119,120,119,120,119,120,119,120,119,120,119,120,119,120,119,32,119,21,119,8,119,5,119,7,119,133,119,22,119,120,0,120,0,120,0,120,0,120,0,120,0,120,0,120,0,120,0,120,0,120,0,120,0,120,0,120,0,120,0,120,0,120,0,120,0,120,0,120,0,120,0,120,0,120,0,120,0,120,0,120,0,13,119,133,119,14,119,133,119,133,119,133,119,120,0,120,0,120,0,120,0,120,0,120,0,120,0,120,0,120,0,120,0,120,0,120,0,120,0,120,0,120,0,120,0,120,0,120,0,120,0,120,0,120,0,120,0,120,0,120,0,120,0,120,0,16,119,28,119,15,119,133,119,0,119,
0,101,133,101,133,101,133,101,133,101,133,101,30,101,133,101,12,101,11,101,20,101,17,101,25,101,19,101,133,0,37,101,120,0,120,0,120,0,120,0,120,0,120,0,120,0,120,0,120,0,120,0,32,101,21,101,8,101,5,101,7,101,133,101,22,101,120,0,120,0,120,0,120,0,120,0,120,0,120,0,120,0,120,0,120,0,120,0,120,0,120,0,120,0,120,0,120,0,120,0,120,0,120,0,120,0,120,0,120,0,120,0,120,0,120,0,120,0,13,101,133,101,14,0,133,101,133,0,133,101,120,0,120,0,120,0,120,0,120,0,120,0,120,0,120,0,120,0,120,0,120,0,120,0,120,0,120,0,130,0,120,0,120,0,120,0,120,0,120,0,120,0,120,0,120,0,120,0,120,0,120,0,16,101,28,101,15,101,133,101,0,101,
0,101,133,101,133,101,133,101,133,101,133,101,30,101,133,101,12,101,11,101,20,101,17,101,25,101,19,101,133,0,37,101,120,0,120,0,120,0,120,0,120,0,120,0,120,0,120,0,120,0,120,0,32,101,21,101,8,101,5,101,7,101,133,101,22,101,120,0,120,0,120,0,120,0,120,0,120,0,120,0,120,0,120,0,120,0,120,0,120,0,120,0,120,0,120,0,120,0,120,0,120,0,120,0,120,0,120,0,120,0,120,0,120,0,120,0,120,0,13,101,133,101,14,0,133,101,133,0,133,101,120,0,120,0,120,0,120,0,120,0,120,0,120,0,120,0,131,0,120,0,120,0,120,0,120,0,120,0,120,0,120,0,120,0,120,0,120,0,120,0,120,0,120,0,120,0,120,0,120,0,120,0,16,101,28,101,15,101,133,101,0,101,
0,101,133,101,133,101,133,101,133,101,133,101,30,101,133,101,12,101,11,101,20,101,17,101,25,101,19,101,133,0,37,101,120,0,120,0,120,0,120,0,120,0,120,0,120,0,120,0,120,0,120,0,32,101,21,101,8,101,5,101,7,101,133,101,22,101,120,0,120,0,120,0,120,0,120,0,120,0,120,0,120,0,120,0,120,0,120,0,120,0,120,0,120,0,120,0,120,0,120,0,120,0,120,0,120,0,120,0,120,0,120,0,120,0,120,0,120,0,13,101,133,101,14,0,133,101,133,0,133,101,120,0,120,0,120,0,132,0,120,0,120,0,120,0,120,0,120,0,120,0,120,0,120,0,120,0,120,0,120,0,120,0,120,0,120,0,120,0,120,0,120,0,120,0,120,0,120,0,120,0,120,0,16,101,28,101,15,101,133,101,0,101,
0,112,133,112,133,112,133,112,133,112,133,112,30,112,133,112,12,112,11,112,20,112,17,112,25,112,19,112,133,0,37,112,120,112,120,112,120,112,120,112,120,112,120,112,120,112,120,112,120,112,120,112,32,112,21,112,8,112,5,112,7,112,133,112,22,112,120,0,120,0,120,0,120,0,120,0,120,0,120,0,120,0,120,0,120,0,120,0,120,0,120,0,120,0,120,0,120,0,120,0,120,0,120,0,120,0,120,0,120,0,120,0,120,0,120,0,120,0,13,112,133,112,14,112,133,112,133,112,133,112,120,0,120,0,120,0,120,0,120,0,120,0,120,0,120,0,120,0,120,0,120,0,120,0,120,0,120,0,120,0,120,0,120,0,120,0,120,0,120,0,120,0,120,0,120,0,120,0,120,0,120,0,16,112,28,112,15,112,133,112,0,112,
0,146,133,0,133,0,133,0,133,0,133,0,30,146,133,0,12,146,133,146,133,146,133,146,133,146,133,146,133,0,37,146,135,0,135,0,135,0,135,0,135,0,135,0,135,0,135,0,135,0,135,0,32,146,21,146,8,146,5,146,7,146,133,0,22,146,120,146,104,146,120,146,120,146,120,146,120,146,120,146,120,146,120,146,120,146,120,146,120,146,100,146,120,146,120,146,107,146,120,146,120,146,120,146,120,146,120,146,120,146,120,146,120,146,120,146,120,146,13,146,133,0,14,146,133,0,133,0,133,0,38,146,42,146,53,146,120,146,61,146,65,146,120,146,120,146,80,146,120,146,120,146,120,146,120,146,120,146,120,146,120,146,120,146,84,146,120,146,125,146,120,146,132,146,120,146,120,146,120,146,120,146,16,146,28,146,15,146,133,0,0,146,
0,147,133,147,133,147,133,147,133,147,133,147,30,147,133,147,12,147,11,147,20,147,17,147,25,147,19,147,133,147,37,147,134,0,134,0,134,0,134,0,134,0,134,0,134,0,134,0,134,0,134,0,32,147,21,147,8,147,5,147,7,147,133,147,22,147,134,0,134,0,134,0,134,0,134,0,134,0,134,0,134,0,134,0,134,0,134,0,134,0,134,0,134,0,134,0,134,0,134,0,134,0,134,0,134,0,134,0,134,0,134,0,134,0,134,0,134,0,13,147,133,147,14,147,133,147,134,0,133,147,134,0,134,0,134,0,134,0,134,0,134,0,134,0,134,0,134,0,134,0,134,0,134,0,134,0,134,0,134,0,134,0,134,0,134,0,134,0,134,0,134,0,134,0,134,0,0,0,134,0,134,0,16,147,28,147,15,147,133,147,0,147,
0,149,133,149,133,149,133,149,133,149,133,149,30,149,133,149,12,149,11,149,20,149,17,149,25,149,19,149,135,0,37,149,135,0,135,0,135,0,135,0,135,0,135,0,135,0,135,0,135,0,135,0,32,149,21,149,8,149,5,149,7,149,133,149,22,149,133,0,133,0,133,0,133,0,133,0,133,0,133,0,133,0,133,0,133,0,133,0,133,0,133,0,133,0,133,0,133,0,133,0,133,0,133,0,133,0,133,0,133,0,133,0,133,0,133,0,133,0,13,149,133,149,14,149,133,149,133,149,133,149,133,0,133,0,133,0,133,0,133,0,133,0,133,0,133,0,133,0,133,0,133,0,133,0,133,0,133,0,133,0,133,0,133,0,133,0,133,0,133,0,133,0,133,0,133,0,133,0,133,0,133,0,16,149,28,149,15,149,133,149,0,149,
